Event Index,UTC Timestamp,UTC Date,Local Timestamp,Local Timezone,Local Date,Experiment ID,Experiment Version,Tree Node Key,Repeat Key,Schedule_ID,Participant Public ID,Participant Private ID,Participant Starting Group,Participant Status,Participant Completion Code,Participant External Session ID,Participant Device Type,Participant Device,Participant OS,Participant Browser,Participant Monitor Size,Participant Viewport Size,Checkpoint,Task Name,Task Version,Randomise questionnaire elements?,e1,e1-quantised,a1r,a1r-quantised,c1,c1-quantised,n1,n1-quantised,o1,o1-quantised,e2r,e2r-quantised,a2,a2-quantised,c2r,c2r-quantised,n2r,n2r-quantised,o2,o2-quantised,e3,e3-quantised,a3r,a3r-quantised,c3,c3-quantised,n3,n3-quantised,o3,o3-quantised,e4,e4-quantised,a4,a4-quantised,c4r,c4r-quantised,n4,n4-quantised,o4,o4-quantised,e5r,e5r-quantised,a5,a5-quantised,c5r,c5r-quantised,n5r,n5r-quantised,o5,o5-quantised,e6,e6-quantised,a6r,a6r-quantised,c6,c6-quantised,n6,n6-quantised,o6,o6-quantised,e7r,e7r-quantised,a7,a7-quantised,c7,c7-quantised,n7r,n7r-quantised,o7r,o7r-quantised,e8,e8-quantised,a8r,a8r-quantised,c8,c8-quantised,n8,n8-quantised,o8,o8-quantised,o9r,o9r-quantised,a9,a9-quantised,c9r,c9r-quantised,o10,o10-quantised,END QUESTIONNAIRE
1,1.61E+12,09/12/2020 10:09,1.61E+12,0,09/12/2020 10:09,13764,3,questionnaire-7tij,,8452775,BLIND,2574219,,complete,,,computer,Desktop or Laptop,Mac OS 10.15.6,Safari 14.0.1,1440x900,1440x678,,The Big Five Inventory (BFI) ,2,No,2,2,3,3,5,5,4,4,3,3,5,5,5,5,3,3,4,4,3,3,2,2,1,1,5,5,2,2,3,3,3,3,4,4,4,4,5,5,3,3,5,5,5,5,2,2,4,4,2,2,2,2,2,2,4,4,4,4,3,3,5,5,5,5,5,5,4,4,5,5,2,2,1,1,5,5,5,5,3,3,4,4,5,5,3,3,2,2,150604
1,1.61E+12,09/12/2020 10:10,1.61E+12,0,09/12/2020 10:10,13764,3,questionnaire-7tij,,8452778,BLIND,2574221,,complete,,,computer,Desktop or Laptop,Mac OS 10.15.6,Safari 14.0.1,1440x900,930x722,,The Big Five Inventory (BFI) ,2,No,4,4,5,5,5,5,2,2,5,5,1,1,4,4,5,5,5,5,5,5,3,3,4,4,5,5,5,5,5,5,2,2,2,2,1,1,1,1,4,4,1,1,1,1,1,1,2,2,5,5,5,5,5,5,5,5,5,5,5,5,1,1,1,1,5,5,5,5,1,1,5,5,4,4,5,5,1,1,5,5,1,1,2,2,1,1,5,5,169520
1,1.61E+12,09/12/2020 10:10,1.61E+12,0,09/12/2020 10:09,13764,3,questionnaire-7tij,,8452779,BLIND,2574222,,complete,,,computer,Desktop or Laptop,Mac OS 10.15.7,Chrome 86.0.4240.80,1440x900,1440x732,,The Big Five Inventory (BFI) ,2,No,2,2,2,2,3,3,3,3,4,4,2,2,5,5,2,2,3,3,4,4,2,2,1,1,4,4,3,3,4,4,3,3,4,4,3,3,2,2,5,5,4,4,4,4,3,3,2,2,4,4,3,3,2,2,3,3,4,4,5,5,3,3,5,5,4,4,3,3,3,3,3,3,1,1,3,3,4,4,5,5,2,2,4,4,4,4,5,5,241854
1,1.61E+12,09/12/2020 10:10,1.61E+12,0,09/12/2020 10:10,13764,3,questionnaire-7tij,,8452780,BLIND,2574223,,complete,,,computer,Desktop or Laptop,Windows 10,Chrome 86.0.4240.198,1536x864,1536x754,,The Big Five Inventory (BFI) ,2,No,4,4,2,2,5,5,1,1,4,4,3,3,4,4,2,2,5,5,4,4,4,4,3,3,5,5,2,2,4,4,4,4,4,4,1,1,1,1,4,4,3,3,4,4,2,2,4,4,3,3,4,4,2,2,5,5,3,3,4,4,4,4,5,5,4,4,5,5,4,4,4,4,4,4,4,4,3,3,4,4,2,2,4,4,3,3,3,3,163552
1,1.61E+12,09/12/2020 10:10,1.61E+12,1,09/12/2020 11:10,13764,3,questionnaire-7tij,,8452781,BLIND,2574224,,complete,,,computer,Desktop or Laptop,Windows 10,Firefox 83.0,1280x720,1280x607,,The Big Five Inventory (BFI) ,2,No,1,1,4,4,5,5,4,4,3,3,4,4,4,4,1,1,1,1,3,3,2,2,4,4,4,4,4,4,4,4,2,2,3,3,2,2,5,5,4,4,5,5,3,3,4,4,2,2,3,3,1,1,3,3,5,5,4,4,3,3,5,5,4,4,2,2,2,2,3,3,1,1,3,3,4,4,5,5,4,4,4,4,3,3,2,2,3,3,178670
1,1.61E+12,09/12/2020 10:10,1.61E+12,0,09/12/2020 10:10,13764,3,questionnaire-7tij,,8452782,BLIND,2574225,,complete,,,computer,Desktop or Laptop,Windows 10,Edge 87.0.664.55,1366x768,1366x625,,The Big Five Inventory (BFI) ,2,No,3,3,5,5,4,4,4,4,3,3,4,4,3,3,4,4,4,4,4,4,2,2,1,1,4,4,4,4,4,4,3,3,4,4,1,1,4,4,3,3,4,4,1,1,3,3,1,1,3,3,4,4,4,4,5,5,5,5,5,5,3,3,3,3,4,4,5,5,3,3,3,3,2,2,4,4,4,4,5,5,2,2,2,2,4,4,5,5,127962
1,1.61E+12,09/12/2020 10:10,1.61E+12,0,09/12/2020 10:10,13764,3,questionnaire-7tij,,8452784,BLIND,2574227,,complete,,,computer,Desktop or Laptop,Mac OS 10.15.4,Safari 13.1,1440x900,1125x751,,The Big Five Inventory (BFI) ,2,No,5,5,3,3,5,5,1,1,5,5,2,2,3,3,2,2,4,4,4,4,5,5,4,4,4,4,3,3,4,4,5,5,4,4,1,1,2,2,4,4,2,2,4,4,1,1,4,4,4,4,5,5,3,3,4,4,4,4,5,5,2,2,5,5,4,4,4,4,4,4,5,5,4,4,4,4,3,3,4,4,2,2,4,4,2,2,4,4,143292
1,1.61E+12,09/12/2020 10:10,1.61E+12,0,09/12/2020 10:10,13764,3,questionnaire-7tij,,8452785,BLIND,2574226,,complete,,,computer,Desktop or Laptop,Windows 10,Chrome 87.0.4280.88,1536x864,1536x722,,The Big Five Inventory (BFI) ,2,No,1,1,4,4,4,4,2,2,5,5,4,4,4,4,2,2,2,2,5,5,2,2,2,2,2,2,4,4,5,5,2,2,4,4,2,2,3,3,5,5,4,4,5,5,2,2,2,2,5,5,4,4,4,4,2,2,4,4,3,3,4,4,2,2,4,4,4,4,3,3,4,4,4,4,4,4,4,4,5,5,4,4,3,3,1,1,4,4,325730
1,1.61E+12,09/12/2020 10:10,1.61E+12,1,09/12/2020 11:10,13764,3,questionnaire-7tij,,8452789,BLIND,2574228,,complete,,,computer,Desktop or Laptop,Mac OS 10.15.6,Safari 14.0.1,1440x900,1440x820,,The Big Five Inventory (BFI) ,2,No,3,3,2,2,4,4,3,3,4,4,3,3,4,4,3,3,2,2,4,4,3,3,1,1,4,4,3,3,3,3,3,3,5,5,3,3,4,4,3,3,4,4,5,5,3,3,2,2,3,3,3,3,3,3,4,4,4,4,4,4,4,4,5,5,4,4,2,2,4,4,3,3,3,3,2,2,4,4,3,3,3,3,5,5,4,4,3,3,142298
1,1.61E+12,09/12/2020 10:10,1.61E+12,0,09/12/2020 10:10,13764,3,questionnaire-7tij,,8452790,BLIND,2574229,,complete,,,computer,Desktop or Laptop,Mac OS 10.15.6,Safari 14.0.1,768x1024,1024x665,,The Big Five Inventory (BFI) ,2,No,4,4,3,3,4,4,2,2,4,4,2,2,4,4,4,4,4,4,4,4,5,5,4,4,4,4,2,2,4,4,5,5,4,4,4,4,2,2,4,4,2,2,4,4,3,3,4,4,3,3,4,4,2,2,4,4,4,4,5,5,2,2,4,4,4,4,4,4,2,2,4,4,3,3,2,2,2,2,4,4,2,2,4,4,4,4,2,2,237918
1,1.61E+12,09/12/2020 10:10,1.61E+12,1,09/12/2020 11:10,13764,3,questionnaire-7tij,,8452791,BLIND,2574230,,complete,,,computer,Desktop or Laptop,Mac OS 10.15.6,Safari 13.1.2,1440x900,1292x762,,The Big Five Inventory (BFI) ,2,No,4,4,4,4,4,4,3,3,4,4,3,3,4,4,3,3,3,3,4,4,3,3,2,2,4,4,3,3,3,3,3,3,3,3,3,3,4,4,3,3,2,2,2,2,3,3,3,3,4,4,4,4,2,2,4,4,3,3,5,5,3,3,4,4,4,4,2,2,4,4,5,5,3,3,4,4,2,2,5,5,2,2,4,4,4,4,5,5,195122
1,1.61E+12,09/12/2020 10:10,1.61E+12,2,09/12/2020 12:10,13764,3,questionnaire-7tij,,8452798,BLIND,2574231,,complete,,,computer,Desktop or Laptop,Mac OS 10.14.5,Chrome 86.0.4240.198,1440x900,971x595,,The Big Five Inventory (BFI) ,2,No,3,3,4,4,4,4,4,4,5,5,3,3,5,5,2,2,1,1,5,5,3,3,1,1,5,5,4,4,5,5,4,4,5,5,1,1,5,5,5,5,3,3,4,4,2,2,1,1,5,5,3,3,3,3,3,3,4,4,5,5,1,1,5,5,5,5,3,3,4,4,4,4,1,1,5,5,5,5,4,4,5,5,4,4,1,1,3,3,139442
1,1.61E+12,09/12/2020 10:10,1.61E+12,0,09/12/2020 10:10,13764,3,questionnaire-7tij,,8452806,BLIND,2574233,,complete,,,computer,Desktop or Laptop,Mac OS 11.0.1,Chrome 87.0.4280.88,1440x900,1440x821,,The Big Five Inventory (BFI) ,2,No,4,4,1,1,3,3,1,1,2,2,2,2,5,5,4,4,4,4,3,3,4,4,1,1,5,5,4,4,2,2,4,4,5,5,1,1,4,4,2,2,2,2,5,5,1,1,3,3,2,2,2,2,1,1,5,5,2,2,3,3,2,2,5,5,4,4,3,3,5,5,4,4,1,1,5,5,2,2,2,2,2,2,4,4,2,2,5,5,279641
1,1.61E+12,09/12/2020 10:12,1.61E+12,8,09/12/2020 18:12,13764,3,questionnaire-7tij,,8452847,BLIND,2574245,,complete,,,computer,Desktop or Laptop,Mac OS 10.15.6,Chrome 87.0.4280.67,1440x900,1440x821,,The Big Five Inventory (BFI) ,2,No,3,3,4,4,4,4,5,5,4,4,2,2,3,3,4,4,2,2,4,4,3,3,2,2,4,4,4,4,4,4,2,2,4,4,3,3,5,5,4,4,3,3,4,4,4,4,1,1,3,3,4,4,4,4,4,4,4,4,5,5,4,4,4,4,3,3,3,3,2,2,3,3,4,4,3,3,4,4,4,4,2,2,4,4,3,3,4,4,208954
1,1.58E+12,11/03/2020 10:22,1.58E+12,0,11/03/2020 10:22,13764,3,questionnaire-7tij,,4131549,BLIND,1170311,,complete,,,computer,Desktop or Laptop,Windows 10,Chrome 79.0.3945.130,1280x720,1280x610,,The Big Five Inventory (BFI) ,2,No,4,4,3,3,5,5,3,3,5,5,3,3,4,4,3,3,3,3,4,4,3,3,2,2,5,5,3,3,5,5,3,3,4,4,3,3,4,4,5,5,3,3,4,4,2,2,3,3,4,4,4,4,2,2,5,5,2,2,4,4,3,3,4,4,4,4,3,3,3,3,3,3,2,2,5,5,3,3,5,5,3,3,4,4,3,3,4,4,102444
1,1.58E+12,11/03/2020 10:20,1.58E+12,0,11/03/2020 10:20,13764,3,questionnaire-7tij,,4131531,BLIND,1170305,,complete,,,computer,Desktop or Laptop,Windows 10,Chrome 80.0.3987.132,1368x912,1368x770,,The Big Five Inventory (BFI) ,2,No,3,3,4,4,5,5,3,3,3,3,5,5,5,5,1,1,4,4,5,5,2,2,2,2,5,5,4,4,5,5,3,3,3,3,2,2,4,4,3,3,4,4,2,2,2,2,5,5,2,2,4,4,4,4,4,4,3,3,3,3,4,4,5,5,4,4,4,4,3,3,3,3,2,2,4,4,3,3,4,4,3,3,4,4,2,2,3,3,94132
1,1.58E+12,11/03/2020 10:18,1.58E+12,0,11/03/2020 10:18,13764,3,questionnaire-7tij,,4131524,BLIND,1170301,,complete,,,computer,Desktop or Laptop,Windows 10,Chrome 79.0.3945.130,1280x720,1280x610,,The Big Five Inventory (BFI) ,2,No,4,4,1,1,5,5,1,1,3,3,2,2,5,5,3,3,4,4,5,5,5,5,1,1,5,5,2,2,3,3,4,4,5,5,3,3,2,2,3,3,2,2,5,5,1,1,5,5,2,2,5,5,1,1,5,5,2,2,3,3,2,2,5,5,5,5,4,4,2,2,4,4,1,1,5,5,2,2,4,4,4,4,5,5,2,2,2,2,192930
1,1.58E+12,11/03/2020 10:13,1.58E+12,0,11/03/2020 10:13,13764,3,questionnaire-7tij,,4131484,BLIND,1170292,,complete,,,computer,Desktop or Laptop,Mac OS 10.15.3,Safari 13.0.5,1440x900,1025x789,,The Big Five Inventory (BFI) ,2,No,4,4,3,3,5,5,1,1,4,4,3,3,4,4,4,4,4,4,5,5,5,5,4,4,5,5,3,3,5,5,5,5,2,2,1,1,2,2,2,2,1,1,2,2,1,1,3,3,4,4,5,5,4,4,5,5,2,2,2,2,2,2,3,3,5,5,4,4,1,1,4,4,3,3,4,4,3,3,4,4,4,4,4,4,1,1,2,2,110747
1,1.58E+12,11/03/2020 10:13,1.58E+12,0,11/03/2020 10:13,13764,3,questionnaire-7tij,,4131476,BLIND,1170289,,complete,,,computer,Desktop or Laptop,Mac OS 10.15.3,Safari 13.0.5,1440x900,758x734,,The Big Five Inventory (BFI) ,2,No,3,3,2,2,3,3,1,1,3,3,4,4,5,5,3,3,4,4,5,5,3,3,2,2,3,3,2,2,4,4,4,4,5,5,4,4,2,2,3,3,4,4,5,5,2,2,5,5,3,3,3,3,2,2,4,4,3,3,5,5,3,3,5,5,3,3,2,2,2,2,2,2,1,1,4,4,3,3,4,4,5,5,4,4,3,3,5,5,225116
1,1.58E+12,11/03/2020 10:12,1.58E+12,0,11/03/2020 10:12,13764,3,questionnaire-7tij,,4131474,BLIND,1170288,,complete,,,computer,Desktop or Laptop,Mac OS 10.15.3,Safari 13.0.5,1440x900,1440x837,,The Big Five Inventory (BFI) ,2,No,4,4,3,3,4,4,3,3,4,4,3,3,4,4,4,4,2,2,4,4,2,2,3,3,4,4,3,3,3,3,3,3,2,2,4,4,5,5,4,4,2,2,4,4,4,4,2,2,4,4,4,4,3,3,4,4,4,4,4,4,4,4,5,5,3,3,2,2,2,2,3,3,4,4,3,3,4,4,4,4,3,3,4,4,3,3,4,4,153566
1,1.58E+12,11/03/2020 10:12,1.58E+12,0,11/03/2020 10:12,13764,3,questionnaire-7tij,,4131472,BLIND,1170287,,complete,,,computer,Desktop or Laptop,Mac OS 10.14.6,Safari 13.0.3,1440x900,1440x837,,The Big Five Inventory (BFI) ,2,No,3,3,1,1,4,4,2,2,3,3,5,5,5,5,3,3,4,4,4,4,2,2,1,1,5,5,3,3,2,2,2,2,5,5,2,2,4,4,3,3,4,4,5,5,3,3,2,2,2,2,3,3,2,2,4,4,2,2,5,5,3,3,5,5,4,4,3,3,5,5,4,4,2,2,5,5,4,4,3,3,1,1,5,5,3,3,4,4,114063
1,1.58E+12,11/03/2020 10:12,1.58E+12,0,11/03/2020 10:12,13764,3,questionnaire-7tij,,4131462,BLIND,1170284,,complete,,,computer,Desktop or Laptop,Mac OS 10.14.6,Safari 13.0.5,1440x900,1440x837,,The Big Five Inventory (BFI) ,2,No,4,4,1,1,4,4,2,2,3,3,3,3,4,4,2,2,4,4,4,4,4,4,2,2,5,5,2,2,3,3,4,4,5,5,1,1,2,2,3,3,2,2,5,5,2,2,5,5,2,2,4,4,2,2,4,4,2,2,5,5,2,2,5,5,5,5,4,4,3,3,4,4,1,1,4,4,2,2,3,3,4,4,4,4,3,3,1,1,237483
1,1.58E+12,11/03/2020 10:12,1.58E+12,0,11/03/2020 10:12,13764,3,questionnaire-7tij,,4131454,BLIND,1170283,,complete,,,computer,Desktop or Laptop,Mac OS 10.14.3,Chrome 76.0.3809.132,1440x900,1440x695,,The Big Five Inventory (BFI) ,2,No,4,4,2,2,3,3,2,2,3,3,3,3,4,4,4,4,2,2,3,3,4,4,1,1,4,4,4,4,3,3,3,3,4,4,3,3,4,4,3,3,2,2,5,5,4,4,1,1,3,3,2,2,4,4,4,4,5,5,3,3,4,4,5,5,4,4,3,3,4,4,5,5,2,2,4,4,3,3,3,3,3,3,4,4,4,4,4,4,150000
1,1.58E+12,11/03/2020 10:12,1.58E+12,0,11/03/2020 10:12,13764,3,questionnaire-7tij,,4131452,BLIND,1170282,,complete,,,computer,Desktop or Laptop,Mac OS 10.14.6,Chrome 80.0.3987.122,1440x900,1372x675,,The Big Five Inventory (BFI) ,2,No,3,3,2,2,5,5,1,1,4,4,2,2,5,5,2,2,1,1,5,5,5,5,2,2,5,5,5,5,5,5,5,5,4,4,1,1,4,4,5,5,3,3,4,4,1,1,3,3,4,4,5,5,2,2,5,5,2,2,2,2,2,2,5,5,4,4,2,2,3,3,2,2,1,1,4,4,3,3,5,5,2,2,5,5,1,1,1,1,172216
1,1.58E+12,11/03/2020 10:12,1.58E+12,0,11/03/2020 10:12,13764,3,questionnaire-7tij,,4131446,BLIND,1170280,,complete,,,computer,Desktop or Laptop,Mac OS 10.15.3,Chrome 80.0.3987.122,1440x900,1160x1026,,The Big Five Inventory (BFI) ,2,No,3,3,3,3,4,4,2,2,4,4,2,2,4,4,4,4,3,3,3,3,4,4,2,2,5,5,3,3,5,5,4,4,4,4,2,2,3,3,4,4,4,4,5,5,4,4,3,3,4,4,3,3,1,1,3,3,3,3,5,5,4,4,4,4,3,3,3,3,4,4,2,2,1,1,4,4,3,3,5,5,4,4,2,2,3,3,5,5,352087
1,1.58E+12,11/03/2020 10:11,1.58E+12,0,11/03/2020 10:11,13764,3,questionnaire-7tij,,4131433,BLIND,1170275,,complete,,,computer,Desktop or Laptop,Mac OS 10.14,Safari 12.0,1440x900,1440x837,,The Big Five Inventory (BFI) ,2,No,3,3,2,2,4,4,4,4,2,2,4,4,2,2,1,1,4,4,4,4,2,2,1,1,4,4,4,4,4,4,3,3,5,5,5,5,5,5,5,5,4,4,4,4,4,4,1,1,3,3,1,1,2,2,4,4,1,1,5,5,4,4,5,5,2,2,1,1,4,4,4,4,2,2,4,4,5,5,4,4,1,1,3,3,4,4,5,5,138496
1,1.58E+12,11/03/2020 09:24,1.58E+12,0,11/03/2020 09:24,13764,3,questionnaire-7tij,,4131087,BLIND,1170192,,complete,,,mobile,Apple iPhone,iOS 13.3.1,Mobile Safari 13.0.5,375x667,375x553,,The Big Five Inventory (BFI) ,2,No,3,3,3,3,4,4,2,2,4,4,4,4,4,4,2,2,4,4,5,5,4,4,2,2,4,4,2,2,4,4,3,3,3,3,2,2,2,2,3,3,4,4,4,4,3,3,3,3,3,3,3,3,2,2,3,3,3,3,4,4,3,3,4,4,3,3,3,3,3,3,2,2,2,2,3,3,2,2,4,4,4,4,4,4,4,4,4,4,304141
1,1.58E+12,10/03/2020 15:48,1.58E+12,0,10/03/2020 15:48,13764,3,questionnaire-7tij,,4127116,BLIND,1169044,,complete,,,computer,Desktop or Laptop,Windows 7,Chrome 80.0.3987.132,1920x1080,944x926,,The Big Five Inventory (BFI) ,2,No,3,3,3,3,5,5,2,2,5,5,3,3,4,4,2,2,2,2,5,5,2,2,2,2,4,4,4,4,5,5,3,3,3,3,3,3,5,5,5,5,4,4,4,4,1,1,3,3,5,5,5,5,2,2,5,5,2,2,3,3,3,3,4,4,3,3,3,3,2,2,3,3,2,2,4,4,4,4,5,5,2,2,4,4,3,3,4,4,77307
1,1.63906E+12,09/12/2021 15:32,1.63906E+12,0,09/12/2021 15:32,13764,4,questionnaire-7tij,,17888025,BLIND,5277321,,complete,,,computer,Desktop or Laptop,Mac OS 10.15.7,Safari 13.1.3,1280x800,1142x669,,The Big Five Inventory (BFI) ,2,No,3,3,3,3,4,4,4,4,3,3,4,4,5,5,2,2,2,2,4,4,2,2,2,2,4,4,3,3,3,3,4,4,4,4,2,2,4,4,4,4,3,3,4,4,4,4,2,2,2,2,4,4,4,4,2,2,4,4,5,5,4,4,4,4,3,3,3,3,2,2,2,2,1,1,3,3,4,4,2,2,1,1,3,3,4,4,5,5,354524
1,1.63906E+12,09/12/2021 15:32,1.63906E+12,0,09/12/2021 15:32,13764,4,questionnaire-7tij,,17888026,BLIND,5277322,,complete,,,computer,Desktop or Laptop,Mac OS 10.15.7,Chrome 96.0.4664.55,1440x900,1440x788,,The Big Five Inventory (BFI) ,2,No,4,4,5,5,5,5,1,1,4,4,5,5,4,4,1,1,4,4,5,5,5,5,1,1,5,5,2,2,5,5,4,4,1,1,1,1,2,2,4,4,3,3,3,3,1,1,5,5,5,5,5,5,3,3,5,5,2,2,4,4,2,2,5,5,5,5,5,5,2,2,4,4,3,3,5,5,2,2,4,4,2,2,1,1,3,3,5,5,112950
1,1.63906E+12,09/12/2021 15:32,1.63906E+12,0,09/12/2021 15:32,13764,4,questionnaire-7tij,,17888028,BLIND,5277324,,complete,,,computer,Desktop or Laptop,Ubuntu undefined,Firefox 94.0,1920x1080,1848x968,,The Big Five Inventory (BFI) ,2,No,4,4,4,4,4,4,4,4,5,5,3,3,2,2,5,5,1,1,5,5,4,4,3,3,4,4,4,4,5,5,4,4,2,2,5,5,5,5,5,5,3,3,2,2,2,2,1,1,5,5,4,4,4,4,4,4,5,5,5,5,4,4,3,3,3,3,2,2,4,4,3,3,2,2,3,3,5,5,5,5,1,1,4,4,4,4,4,4,203896
1,1.63906E+12,09/12/2021 15:32,1.63906E+12,8,09/12/2021 23:32,13764,4,questionnaire-7tij,,17888030,BLIND,5277326,,complete,,,computer,Desktop or Laptop,Mac OS 10.15.7,Chrome 95.0.4638.69,1440x900,1353x730,,The Big Five Inventory (BFI) ,2,No,4,4,4,4,5,5,3,3,3,3,2,2,5,5,2,2,1,1,5,5,3,3,1,1,4,4,4,4,5,5,3,3,5,5,3,3,5,5,4,4,2,2,4,4,5,5,2,2,2,2,3,3,2,2,4,4,3,3,5,5,3,3,5,5,3,3,2,2,3,3,4,4,2,2,3,3,4,4,5,5,2,2,3,3,3,3,5,5,117483
1,1.63906E+12,09/12/2021 15:32,1.63906E+12,0,09/12/2021 15:32,13764,4,questionnaire-7tij,,17888032,BLIND,5277327,,complete,,,computer,Desktop or Laptop,Mac OS 10.16.0,Chrome 80.0.3987.132,2560x1440,1274x1329,,The Big Five Inventory (BFI) ,2,No,4,4,3,3,4,4,3,3,3,3,2,2,4,4,3,3,2,2,4,4,4,4,1,1,4,4,3,3,4,4,4,4,4,4,2,2,5,5,4,4,2,2,4,4,4,4,3,3,3,3,3,3,1,1,4,4,4,4,3,3,2,2,4,4,4,4,2,2,3,3,4,4,2,2,4,4,4,4,3,3,2,2,4,4,3,3,4,4,137644
1,1.63906E+12,09/12/2021 15:32,1.63906E+12,0,09/12/2021 15:32,13764,4,questionnaire-7tij,,17888033,BLIND,5277328,,complete,,,computer,Desktop or Laptop,Mac OS 10.15.7,Chrome 96.0.4664.55,1280x800,1280x689,,The Big Five Inventory (BFI) ,2,No,2,2,4,4,4,4,1,1,5,5,5,5,3,3,2,2,4,4,3,3,2,2,1,1,4,4,3,3,5,5,3,3,4,4,4,4,2,2,4,4,5,5,4,4,4,4,5,5,4,4,3,3,4,4,2,2,3,3,3,3,5,5,4,4,5,5,4,4,3,3,3,3,4,4,2,2,5,5,5,5,3,3,4,4,3,3,3,3,153580
1,1.63906E+12,09/12/2021 15:32,1.63906E+12,0,09/12/2021 15:32,13764,4,questionnaire-7tij,,17888034,BLIND,5277329,,complete,,,computer,Desktop or Laptop,Windows 10,Chrome 96.0.4664.45,1280x720,1280x520,,The Big Five Inventory (BFI) ,2,No,3,3,2,2,5,5,4,4,3,3,5,5,4,4,3,3,2,2,4,4,3,3,1,1,4,4,2,2,4,4,5,5,5,5,4,4,5,5,4,4,3,3,5,5,2,2,2,2,4,4,4,4,3,3,4,4,3,3,5,5,4,4,5,5,4,4,3,3,4,4,3,3,1,1,3,3,5,5,5,5,3,3,4,4,5,5,4,4,317251
1,1.63906E+12,09/12/2021 15:32,1.63906E+12,0,09/12/2021 15:32,13764,4,questionnaire-7tij,,17888035,BLIND,5277330,,complete,,,computer,Desktop or Laptop,Mac OS 10.15.3,Chrome 96.0.4664.55,1440x900,1440x789,,The Big Five Inventory (BFI) ,2,No,4,4,3,3,3,3,1,1,2,2,1,1,5,5,4,4,2,2,4,4,4,4,1,1,4,4,4,4,3,3,4,4,2,2,2,2,5,5,5,5,1,1,5,5,4,4,2,2,3,3,4,4,3,3,2,2,4,4,4,4,1,1,4,4,4,4,2,2,4,4,5,5,1,1,5,5,2,2,3,3,2,2,4,4,5,5,4,4,340204
1,1.63906E+12,09/12/2021 15:32,1.63906E+12,0,09/12/2021 15:32,13764,4,questionnaire-7tij,,17888044,BLIND,5277333,,complete,,,computer,Desktop or Laptop,Mac OS 10.15.7,Safari 14.1,1440x900,1440x820,,The Big Five Inventory (BFI) ,2,No,1,1,2,2,2,2,5,5,4,4,5,5,4,4,3,3,2,2,4,4,2,2,2,2,3,3,3,3,2,2,2,2,5,5,2,2,2,2,5,5,5,5,4,4,3,3,2,2,2,2,3,3,2,2,3,3,4,4,4,4,2,2,4,4,2,2,1,1,4,4,2,2,1,1,2,2,4,4,5,5,3,3,3,3,3,3,2,2,385749
1,1.63906E+12,09/12/2021 15:32,1.63906E+12,0,09/12/2021 15:32,13764,4,questionnaire-7tij,,17888045,BLIND,5277334,,complete,,,computer,Desktop or Laptop,Mac OS 10.15.7,Safari 14.1,1440x900,1221x719,,The Big Five Inventory (BFI) ,2,No,3,3,4,4,4,4,3,3,3,3,3,3,3,3,3,3,2,2,3,3,3,3,2,2,3,3,4,4,4,4,3,3,2,2,2,2,4,4,4,4,4,4,3,3,4,4,2,2,3,3,2,2,3,3,3,3,4,4,4,4,4,4,3,3,3,3,2,2,4,4,3,3,3,3,3,3,4,4,3,3,1,1,3,3,4,4,4,4,103976
1,1.63906E+12,09/12/2021 15:32,1.63906E+12,0,09/12/2021 15:32,13764,4,questionnaire-7tij,,17888046,BLIND,5277335,,complete,,,computer,Desktop or Laptop,Windows 10,Chrome 96.0.4664.93,1280x720,1280x609,,The Big Five Inventory (BFI) ,2,No,4,4,5,5,5,5,5,5,4,4,5,5,4,4,2,2,1,1,5,5,4,4,3,3,4,4,5,5,5,5,4,4,2,2,1,1,5,5,5,5,4,4,5,5,3,3,1,1,5,5,2,2,2,2,2,2,3,3,5,5,5,5,3,3,5,5,4,4,5,5,2,2,2,2,5,5,5,5,5,5,5,5,5,5,5,5,4,4,274520
1,1.63906E+12,09/12/2021 15:32,1.63906E+12,0,09/12/2021 15:32,13764,4,questionnaire-7tij,,17888047,BLIND,5277337,,complete,,,computer,Desktop or Laptop,Mac OS 10.15.7,Safari 15.1,1440x900,1440x812,,The Big Five Inventory (BFI) ,2,No,3,3,4,4,4,4,3,3,4,4,3,3,3,3,3,3,3,3,3,3,3,3,3,3,3,3,3,3,3,3,3,3,3,3,3,3,3,3,3,3,3,3,3,3,3,3,3,3,3,3,3,3,3,3,3,3,3,3,3,3,3,3,3,3,3,3,3,3,3,3,3,3,3,3,3,3,3,3,3,3,3,3,3,3,3,3,3,3,203651
1,1.63906E+12,09/12/2021 15:32,1.63906E+12,0,09/12/2021 15:32,13764,4,questionnaire-7tij,,17888048,BLIND,5277338,,complete,,,computer,Desktop or Laptop,Mac OS 10.15.7,Chrome 96.0.4664.55,1440x900,1440x719,,The Big Five Inventory (BFI) ,2,No,4,4,5,5,5,5,5,5,5,5,5,5,5,5,1,1,1,1,3,3,5,5,1,1,5,5,5,5,5,5,3,3,2,2,1,1,5,5,4,4,2,2,5,5,3,3,1,1,4,4,3,3,5,5,5,5,5,5,5,5,4,4,5,5,5,5,2,2,5,5,2,2,5,5,3,3,5,5,5,5,1,1,3,3,3,3,5,5,256445
1,1.63906E+12,09/12/2021 15:32,1.63906E+12,0,09/12/2021 15:32,13764,4,questionnaire-7tij,,17888051,BLIND,5277341,,complete,,,computer,Desktop or Laptop,Windows 10,Chrome 96.0.4664.93,1280x720,1280x577,,The Big Five Inventory (BFI) ,2,No,1,1,4,4,5,5,5,5,4,4,5,5,5,5,1,1,1,1,5,5,3,3,1,1,5,5,4,4,5,5,3,3,4,4,1,1,5,5,5,5,5,5,2,2,2,2,1,1,4,4,1,1,3,3,4,4,4,4,5,5,5,5,5,5,5,5,1,1,4,4,1,1,1,1,4,4,5,5,5,5,1,1,4,4,1,1,5,5,96741
1,1.63906E+12,09/12/2021 15:32,1.63906E+12,0,09/12/2021 15:33,13764,4,questionnaire-7tij,,17888053,BLIND,5277343,,complete,,,computer,Desktop or Laptop,Windows 10,Chrome 96.0.4664.93,1920x1080,1920x969,,The Big Five Inventory (BFI) ,2,No,3,3,2,2,5,5,3,3,4,4,4,4,4,4,2,2,2,2,4,4,3,3,1,1,4,4,4,4,4,4,3,3,5,5,1,1,5,5,5,5,4,4,4,4,4,4,2,2,4,4,2,2,2,2,4,4,2,2,5,5,4,4,4,4,4,4,4,4,5,5,2,2,1,1,4,4,3,3,4,4,1,1,3,3,3,3,4,4,132289
1,1.63906E+12,09/12/2021 15:33,1.63906E+12,0,09/12/2021 15:33,13764,4,questionnaire-7tij,,17888063,BLIND,5277345,,complete,,,computer,Desktop or Laptop,Windows 10,Edge 96.0.1054.41,1368x912,799x759,,The Big Five Inventory (BFI) ,2,No,5,5,3,3,4,4,5,5,3,3,2,2,4,4,2,2,2,2,5,5,3,3,2,2,4,4,4,4,3,3,4,4,4,4,2,2,5,5,4,4,2,2,4,4,2,2,1,1,2,2,4,4,2,2,4,4,5,5,5,5,2,2,3,3,4,4,2,2,3,3,4,4,3,3,5,5,4,4,4,4,1,1,4,4,1,1,5,5,107360
1,1.63906E+12,09/12/2021 15:33,1.63906E+12,0,09/12/2021 15:33,13764,4,questionnaire-7tij,,17888064,BLIND,5277347,,complete,,,computer,Desktop or Laptop,Mac OS 10.15.7,Chrome 96.0.4664.55,1440x900,792x704,,The Big Five Inventory (BFI) ,2,No,3,3,2,2,5,5,3,3,3,3,3,3,4,4,2,2,2,2,4,4,3,3,2,2,4,4,4,4,4,4,2,2,2,2,2,2,4,4,4,4,4,4,4,4,3,3,2,2,3,3,4,4,4,4,4,4,4,4,5,5,4,4,5,5,3,3,2,2,4,4,3,3,1,1,4,4,3,3,4,4,1,1,4,4,4,4,5,5,144485
1,1.63906E+12,09/12/2021 15:33,1.63906E+12,0,09/12/2021 15:33,13764,4,questionnaire-7tij,,17888070,BLIND,5277349,,complete,,,computer,Desktop or Laptop,Mac OS 10.15.7,Safari 15.0,1440x900,1440x787,,The Big Five Inventory (BFI) ,2,No,2,2,4,4,2,2,5,5,2,2,5,5,2,2,4,4,1,1,4,4,2,2,2,2,2,2,4,4,2,2,2,2,2,2,4,4,5,5,3,3,5,5,3,3,4,4,1,1,2,2,2,2,4,4,2,2,4,4,5,5,5,5,3,3,1,1,1,1,3,3,2,2,4,4,4,4,5,5,4,4,1,1,3,3,5,5,4,4,92575
1,1.63906E+12,09/12/2021 15:33,1.63906E+12,0,09/12/2021 15:33,13764,4,questionnaire-7tij,,17888083,BLIND,5277355,,complete,,,computer,Desktop or Laptop,Windows 10,Edge 96.0.1054.43,1366x768,1366x657,,The Big Five Inventory (BFI) ,2,No,5,5,3,3,5,5,2,2,5,5,2,2,4,4,4,4,2,2,5,5,4,4,3,3,5,5,4,4,5,5,5,5,3,3,2,2,3,3,5,5,2,2,3,3,2,2,2,2,4,4,4,4,2,2,5,5,4,4,5,5,2,2,4,4,4,4,3,3,3,3,5,5,2,2,3,3,3,3,5,5,3,3,4,4,3,3,5,5,231498
1,1.63906E+12,09/12/2021 15:33,1.63906E+12,0,09/12/2021 15:33,13764,4,questionnaire-7tij,,17888085,BLIND,5277356,,complete,,,computer,Desktop or Laptop,Mac OS 10.15.6,Safari 14.0.3,1440x900,1440x723,,The Big Five Inventory (BFI) ,2,No,4,4,3,3,3,3,5,5,3,3,3,3,4,4,5,5,1,1,4,4,2,2,2,2,4,4,4,4,4,4,4,4,5,5,2,2,5,5,3,3,2,2,4,4,3,3,2,2,3,3,4,4,1,1,3,3,3,3,2,2,4,4,5,5,3,3,2,2,4,4,3,3,1,1,3,3,5,5,5,5,4,4,4,4,4,4,2,2,378685
1,1.63906E+12,09/12/2021 15:37,1.63906E+12,0,09/12/2021 15:37,13764,4,questionnaire-7tij,,17888188,BLIND,5277397,,complete,,,computer,Desktop or Laptop,Windows 10,Chrome 96.0.4664.45,1536x1024,1536x881,,The Big Five Inventory (BFI) ,2,No,4,4,2,2,4,4,5,5,2,2,5,5,4,4,2,2,2,2,2,2,2,2,2,2,3,3,4,4,4,4,2,2,4,4,2,2,4,4,2,2,4,4,5,5,3,3,4,4,2,2,2,2,2,2,3,3,2,2,2,2,2,2,2,2,3,3,2,2,4,4,2,2,2,2,2,2,3,3,3,3,2,2,3,3,2,2,2,2,156937
1,1.58E+12,16/03/2020 15:05,1.58E+12,8,16/03/2020 23:05,13764,3,questionnaire-7tij,,4176713,BLIND,1182096,,complete,,,computer,Desktop or Laptop,Mac OS 10.15.3,Chrome 80.0.3987.132,1440x900,1440x820,,The Big Five Inventory (BFI) ,2,No,4,4,3,3,4,4,4,4,4,4,4,4,3,3,3,3,3,3,4,4,3,3,2,2,4,4,4,4,4,4,4,4,2,2,1,1,3,3,3,3,3,3,3,3,4,4,2,2,3,3,3,3,3,3,3,3,4,4,4,4,4,4,3,3,4,4,4,4,3,3,3,3,3,3,3,3,3,3,5,5,2,2,3,3,4,4,3,3,122251
END OF FILE,,,,,,,,,,,,,,,,,,,,,,,,,,,,,,,,,,,,,,,,,,,,,,,,,,,,,,,,,,,,,,,,,,,,,,,,,,,,,,,,,,,,,,,,,,,,,,,,,,,,,,,,,,,,,,,,,,,
