Event Index,UTC Timestamp,UTC Date and Time,Local Timestamp,Local Timezone,Local Date and Time,Experiment ID,Experiment Version,Tree Node Key,Repeat Key,Schedule_ID,Participant Public ID,Participant Private ID,Participant Starting Group,Participant Status,Participant Completion Code,Participant External Session ID,Participant Device Type,Participant Device,Participant OS,Participant Browser,Participant Monitor Size,Participant Viewport Size,Checkpoint,Room ID,Room Order,Task Name,Task Version,Randomise questionnaire elements?,e1,e1-quantised,a1r,a1r-quantised,c1,c1-quantised,n1,n1-quantised,o1,o1-quantised,e2r,e2r-quantised,a2,a2-quantised,c2r,c2r-quantised,n2r,n2r-quantised,o2,o2-quantised,e3,e3-quantised,a3r,a3r-quantised,c3,c3-quantised,n3,n3-quantised,o3,o3-quantised,e4,e4-quantised,a4,a4-quantised,c4r,c4r-quantised,n4,n4-quantised,o4,o4-quantised,e5r,e5r-quantised,a5,a5-quantised,c5r,c5r-quantised,n5r,n5r-quantised,o5,o5-quantised,e6,e6-quantised,a6r,a6r-quantised,c6,c6-quantised,n6,n6-quantised,o6,o6-quantised,e7r,e7r-quantised,a7,a7-quantised,c7,c7-quantised,n7r,n7r-quantised,o7r,o7r-quantised,e8,e8-quantised,a8r,a8r-quantised,c8,c8-quantised,n8,n8-quantised,o8,o8-quantised,o9r,o9r-quantised,a9,a9-quantised,c9r,c9r-quantised,o10,o10-quantised,END QUESTIONNAIRE
1,1.63906E+12,9/12/2021 15:37,1.63906E+12,0,9/12/2021 15:37,13764,4,questionnaire-7tij,,17888171,BLIND,5277391,,rejected - manual,,,computer,Desktop or Laptop,Windows 10,Chrome 96.0.4664.45,1536x864,1536x722,,,,The Big Five Inventory (BFI) ,2,No,,,,,,,,,,,,,,,,,,,,,,,,,,,,,,,,,,,,,,,,,,,,,,,,,,,,,,,,,,,,,,,,,,,,,,,,,,,,,,,,,,,,,,,,,
1,1.64693E+12,10/3/2022 15:37,1.64693E+12,0,10/3/2022 15:37,13764,4,questionnaire-7tij,,20274966,BLIND,6014000,,complete,,,computer,Desktop or Laptop,Mac OS 10.15.7,Chrome 99.0.4844.51,1440x900,1440x700,,,,The Big Five Inventory (BFI) ,2,No,2,2,2,2,5,5,3,3,4,4,4,4,5,5,1,1,3,3,4,4,2,2,2,2,5,5,4,4,4,4,4,4,4,4,1,1,4,4,4,4,5,5,4,4,2,2,2,2,5,5,3,3,3,3,5,5,3,3,3,3,4,4,5,5,5,5,4,4,2,2,1,1,3,3,3,3,4,4,5,5,3,3,3,3,2,2,2,2,83648
1,1.64693E+12,10/3/2022 15:38,1.64693E+12,0,10/3/2022 15:38,13764,4,questionnaire-7tij,,20275027,BLIND,6014013,,complete,,,computer,Desktop or Laptop,Mac OS 10.15.7,Chrome 99.0.4844.51,1440x900,1440x821,,,,The Big Five Inventory (BFI) ,2,No,3,3,3,3,5,5,4,4,4,4,5,5,5,5,1,1,2,2,2,2,3,3,2,2,4,4,5,5,4,4,4,4,3,3,1,1,5,5,4,4,4,4,5,5,2,2,2,2,3,3,3,3,4,4,5,5,4,4,4,4,4,4,5,5,5,5,1,1,4,4,2,2,2,2,4,4,5,5,3,3,2,2,3,3,4,4,4,4,205707
1,1.64693E+12,10/3/2022 15:39,1.64693E+12,0,10/3/2022 15:39,13764,4,questionnaire-7tij,,20275086,BLIND,6014034,,complete,,,computer,Desktop or Laptop,Ubuntu undefined,Firefox 97.0,1920x1080,1848x968,,,,The Big Five Inventory (BFI) ,2,No,3,3,4,4,3,3,3,3,5,5,2,2,4,4,5,5,1,1,5,5,4,4,2,2,3,3,4,4,4,4,4,4,1,1,5,5,4,4,4,4,2,2,3,3,2,2,1,1,4,4,3,3,3,3,3,3,4,4,4,4,3,3,4,4,3,3,2,2,4,4,3,3,2,2,4,4,5,5,4,4,1,1,2,2,4,4,4,4,144391
1,1.70586E+12,21/01/2024 17:39:14,1.70586E+12,0,21/01/2024 17:39:14,13764,4,questionnaire-7tij,,34360980,BLIND,10153852,,live,,,computer,Desktop or Laptop,Mac OS 10.15.7,Chrome 120.0.0.0,1366x768,1366x647,,,,The Big Five Inventory (BFI) ,2,No,,,,,,,,,,,,,,,,,,,,,,,,,,,,,,,,,,,,,,,,,,,,,,,,,,,,,,,,,,,,,,,,,,,,,,,,,,,,,,,,,,,,,,,,,
1,1.70585E+12,21/01/2024 14:28:48,1.70585E+12,0,21/01/2024 14:29:40,13764,4,questionnaire-7tij,,34357527,BLIND,10152846,,live,,,computer,Desktop or Laptop,Mac OS 10.15.7,Safari 17.1,1440x900,896x649,,,,The Big Five Inventory (BFI) ,2,No,,,,,,,,,,,,,,,,,,,,,,,,,,,,,,,,,,,,,,,,,,,,,,,,,,,,,,,,,,,,,,,,,,,,,,,,,,,,,,,,,,,,,,,,,
1,1.70585E+12,21/01/2024 14:15:44,1.70585E+12,0,21/01/2024 14:15:44,13764,4,questionnaire-7tij,,34357369,BLIND,10152802,,live,,,computer,Desktop or Laptop,Mac OS 10.15.7,Safari 17.1,1470x956,1158x765,,,,The Big Five Inventory (BFI) ,2,No,,,,,,,,,,,,,,,,,,,,,,,,,,,,,,,,,,,,,,,,,,,,,,,,,,,,,,,,,,,,,,,,,,,,,,,,,,,,,,,,,,,,,,,,,
1,1.70483E+12,9/1/2024 20:21,1.70483E+12,0,9/1/2024 20:21,13764,4,questionnaire-7tij,,34092441,BLIND,10075278,,live,,,computer,Desktop or Laptop,Windows 10,Chrome 120.0.0.0,1536x864,767x694,,,,The Big Five Inventory (BFI) ,2,No,,,,,,,,,,,,,,,,,,,,,,,,,,,,,,,,,,,,,,,,,,,,,,,,,,,,,,,,,,,,,,,,,,,,,,,,,,,,,,,,,,,,,,,,,
1,1.70473E+12,8/1/2024 16:12,1.70473E+12,0,8/1/2024 16:12,13764,4,questionnaire-7tij,,34020376,BLIND,10064140,,complete,,,computer,Desktop or Laptop,Windows 10,Edge 120.0.0.0,1280x1024,1232x910,,,,The Big Five Inventory (BFI) ,2,No,5,5,3,3,2,2,2,2,3,3,2,2,4,4,3,3,1,1,4,4,4,4,3,3,4,4,4,4,4,4,4,4,4,4,4,4,5,5,5,5,1,1,4,4,4,4,1,1,3,3,4,4,2,2,3,3,5,5,5,5,1,1,5,5,4,4,2,2,5,5,5,5,2,2,3,3,4,4,3,3,1,1,4,4,4,4,5,5,169951
1,1.70196E+12,7/12/2023 15:45,1.70196E+12,0,7/12/2023 15:45,13764,4,questionnaire-7tij,,33521314,BLIND,9924597,,live,,,computer,Desktop or Laptop,Mac OS 10.15.7,Safari 17.1,1470x956,1470x840,,,,The Big Five Inventory (BFI) ,2,No,,,,,,,,,,,,,,,,,,,,,,,,,,,,,,,,,,,,,,,,,,,,,,,,,,,,,,,,,,,,,,,,,,,,,,,,,,,,,,,,,,,,,,,,,
1,1.70196E+12,7/12/2023 15:42,1.70196E+12,0,7/12/2023 15:42,13764,4,questionnaire-7tij,,33521236,BLIND,9924568,,live,,,computer,Desktop or Laptop,Windows 10,Chrome 119.0.0.0,1494x934,744x798,,,,The Big Five Inventory (BFI) ,2,No,,,,,,,,,,,,,,,,,,,,,,,,,,,,,,,,,,,,,,,,,,,,,,,,,,,,,,,,,,,,,,,,,,,,,,,,,,,,,,,,,,,,,,,,,
1,1.70196E+12,7/12/2023 15:39,1.70196E+12,0,7/12/2023 15:39,13764,4,questionnaire-7tij,,33521146,BLIND,9924542,,live,,,computer,Desktop or Laptop,Mac OS 10.15.7,Chrome 119.0.0.0,1440x900,1440x813,,,,The Big Five Inventory (BFI) ,2,No,,,,,,,,,,,,,,,,,,,,,,,,,,,,,,,,,,,,,,,,,,,,,,,,,,,,,,,,,,,,,,,,,,,,,,,,,,,,,,,,,,,,,,,,,
1,1.70196E+12,7/12/2023 15:26,1.70196E+12,0,7/12/2023 15:26,13764,4,questionnaire-7tij,,33520620,BLIND,9924386,,live,,,computer,Desktop or Laptop,Windows 10,Edge 119.0.0.0,1536x864,1488x742,,,,The Big Five Inventory (BFI) ,2,No,,,,,,,,,,,,,,,,,,,,,,,,,,,,,,,,,,,,,,,,,,,,,,,,,,,,,,,,,,,,,,,,,,,,,,,,,,,,,,,,,,,,,,,,,
1,1.70196E+12,7/12/2023 15:18,1.70196E+12,0,7/12/2023 15:18,13764,4,questionnaire-7tij,,33520350,BLIND,9924318,,complete,,,computer,Desktop or Laptop,Windows 10,Edge 119.0.0.0,1500x1000,1452x878,,,,The Big Five Inventory (BFI) ,2,No,4,4,2,2,4,4,2,2,4,4,4,4,4,4,4,4,2,2,5,5,4,4,2,2,4,4,4,4,3,3,4,4,4,4,4,4,4,4,5,5,2,2,4,4,3,3,4,4,4,4,4,4,2,2,3,3,4,4,5,5,2,2,4,4,4,4,2,2,4,4,4,4,3,3,4,4,4,4,4,4,3,3,5,5,4,4,4,4,140146
1,1.70196E+12,7/12/2023 15:17,1.70196E+12,0,7/12/2023 15:17,13764,4,questionnaire-7tij,,33520322,BLIND,9924312,,complete,,,computer,Desktop or Laptop,Mac OS 10.15.7,Chrome 116.0.0.0,1440x900,1440x783,,,,The Big Five Inventory (BFI) ,2,No,4,4,3,3,4,4,2,2,4,4,2,2,4,4,4,4,3,3,4,4,4,4,3,3,4,4,2,2,4,4,4,4,5,5,4,4,3,3,4,4,2,2,4,4,4,4,4,4,4,4,4,4,2,2,4,4,4,4,4,4,2,2,4,4,3,3,4,4,4,4,5,5,4,4,4,4,2,2,4,4,2,2,4,4,3,3,4,4,206011
1,1.70196E+12,7/12/2023 15:14,1.70196E+12,0,7/12/2023 15:14,13764,4,questionnaire-7tij,,33520245,BLIND,9924284,,complete,,,computer,Desktop or Laptop,Windows 10,Edge 119.0.0.0,1536x864,1488x742,,,,The Big Five Inventory (BFI) ,2,No,4,4,3,3,5,5,3,3,4,4,3,3,4,4,2,2,2,2,5,5,3,3,2,2,4,4,3,3,5,5,4,4,4,4,3,3,4,4,4,4,3,3,4,4,2,2,2,2,3,3,4,4,2,2,4,4,4,4,4,4,2,2,4,4,5,5,3,3,4,4,4,4,2,2,3,3,4,4,3,3,2,2,3,3,2,2,3,3,147942
1,1.70196E+12,7/12/2023 15:13,1.70196E+12,0,7/12/2023 15:13,13764,4,questionnaire-7tij,,33520200,BLIND,9924271,,complete,,,computer,Desktop or Laptop,Mac OS 10.15.7,Safari 16.1,834x1194,1194x755,,,,The Big Five Inventory (BFI) ,2,No,4,4,2,2,5,5,5,5,2,2,2,2,4,4,5,5,5,5,5,5,4,4,1,1,5,5,5,5,5,5,4,4,4,4,4,4,4,4,4,4,3,3,5,5,2,2,5,5,5,5,5,5,1,1,5,5,1,1,4,4,4,4,5,5,4,4,2,2,4,4,3,3,3,3,2,2,5,5,5,5,1,1,5,5,4,4,5,5,595212
1,1.70196E+12,7/12/2023 15:12,1.70196E+12,0,7/12/2023 15:12,13764,4,questionnaire-7tij,,33520184,BLIND,9924266,,complete,,,computer,Desktop or Laptop,Mac OS 10.15.7,Chrome 116.0.0.0,1512x982,1512x828,,,,The Big Five Inventory (BFI) ,2,No,3,3,3,3,5,5,2,2,4,4,4,4,4,4,2,2,4,4,5,5,4,4,2,2,5,5,3,3,4,4,4,4,4,4,1,1,4,4,5,5,4,4,5,5,2,2,4,4,4,4,2,2,2,2,5,5,3,3,5,5,4,4,4,4,4,4,4,4,3,3,4,4,2,2,4,4,3,3,4,4,1,1,4,4,2,2,5,5,144297
1,1.70196E+12,7/12/2023 15:12,1.70196E+12,0,7/12/2023 15:12,13764,4,questionnaire-7tij,,33520183,BLIND,9924265,,complete,,,computer,Desktop or Laptop,Mac OS 10.15.7,Chrome 119.0.0.0,1280x800,1280x682,,,,The Big Five Inventory (BFI) ,2,No,4,4,3,3,2,2,4,4,5,5,2,2,4,4,4,4,5,5,5,5,3,3,2,2,4,4,2,2,5,5,4,4,5,5,5,5,2,2,5,5,2,2,2,2,4,4,3,3,5,5,5,5,3,3,4,4,4,4,5,5,4,4,5,5,4,4,5,5,2,2,5,5,4,4,4,4,2,2,5,5,1,1,4,4,5,5,4,4,215071
1,1.70196E+12,7/12/2023 15:12,1.70196E+12,0,7/12/2023 15:12,13764,4,questionnaire-7tij,,33520179,BLIND,9924264,,complete,,,computer,Desktop or Laptop,Mac OS 10.15.7,Chrome 119.0.0.0,1440x900,1440x814,,,,The Big Five Inventory (BFI) ,2,No,3,3,2,2,3,3,3,3,4,4,4,4,4,4,5,5,2,2,5,5,2,2,1,1,4,4,1,1,5,5,2,2,5,5,5,5,5,5,5,5,3,3,4,4,4,4,2,2,3,3,4,4,4,4,2,2,4,4,4,4,2,2,4,4,2,2,3,3,2,2,3,3,1,1,2,2,4,4,5,5,2,2,4,4,5,5,4,4,269309
1,1.70196E+12,7/12/2023 15:12,1.70196E+12,0,7/12/2023 15:12,13764,4,questionnaire-7tij,,33520177,BLIND,9924262,,complete,,,computer,Desktop or Laptop,Mac OS 10.15.7,Chrome 119.0.0.0,1470x956,1230x778,,,,The Big Five Inventory (BFI) ,2,No,2,2,2,2,5,5,4,4,4,4,4,4,4,4,3,3,2,2,5,5,3,3,2,2,4,4,4,4,5,5,4,4,4,4,2,2,5,5,5,5,4,4,3,3,2,2,2,2,3,3,4,4,2,2,5,5,4,4,5,5,4,4,4,4,5,5,4,4,4,4,4,4,2,2,5,5,5,5,4,4,2,2,4,4,2,2,5,5,224524
1,1.70196E+12,7/12/2023 15:12,1.70196E+12,0,7/12/2023 15:12,13764,4,questionnaire-7tij,,33520175,BLIND,9924261,,complete,,,computer,Desktop or Laptop,Windows 10,Chrome 119.0.0.0,1477x831,1478x676,,,,The Big Five Inventory (BFI) ,2,No,3,3,4,4,2,2,4,4,4,4,3,3,4,4,5,5,5,5,5,5,4,4,1,1,5,5,2,2,5,5,4,4,5,5,2,2,1,1,5,5,4,4,5,5,5,5,5,5,2,2,4,4,5,5,4,4,2,2,4,4,4,4,2,2,1,1,4,4,2,2,3,3,1,1,1,1,1,1,5,5,4,4,2,2,2,2,2,2,178349
1,1.70196E+12,7/12/2023 15:12,1.70196E+12,0,7/12/2023 15:12,13764,4,questionnaire-7tij,,33520174,BLIND,9924260,,complete,,,computer,Desktop or Laptop,Mac OS 10.15.7,Safari 16.6,820x1180,1180x713,,,,The Big Five Inventory (BFI) ,2,No,3,3,3,3,4,4,2,2,3,3,5,5,4,4,4,4,3,3,5,5,3,3,1,1,4,4,4,4,5,5,3,3,4,4,2,2,4,4,4,4,4,4,4,4,3,3,3,3,2,2,2,2,1,1,4,4,4,4,4,4,5,5,4,4,4,4,3,3,5,5,3,3,4,4,3,3,5,5,5,5,3,3,3,3,4,4,2,2,244983
1,1.70196E+12,7/12/2023 15:12,1.70196E+12,0,7/12/2023 15:12,13764,4,questionnaire-7tij,,33520172,BLIND,9924259,,complete,,,computer,Desktop or Laptop,Mac OS 10.15.7,Safari 17.1,1470x956,1470x840,,,,The Big Five Inventory (BFI) ,2,No,2,2,1,1,4,4,1,1,3,3,3,3,4,4,2,2,4,4,5,5,2,2,1,1,5,5,3,3,4,4,2,2,4,4,1,1,1,1,2,2,5,5,5,5,1,1,4,4,4,4,4,4,2,2,4,4,1,1,4,4,5,5,4,4,4,4,5,5,5,5,2,2,2,2,5,5,2,2,4,4,2,2,4,4,2,2,3,3,271957
1,1.70196E+12,7/12/2023 15:12,1.70196E+12,0,7/12/2023 15:12,13764,4,questionnaire-7tij,,33520169,BLIND,9924258,,complete,,,computer,Desktop or Laptop,Mac OS 10.15.7,Chrome 119.0.0.0,1512x982,1512x828,,,,The Big Five Inventory (BFI) ,2,No,3,3,2,2,4,4,1,1,5,5,2,2,4,4,2,2,3,3,4,4,4,4,1,1,5,5,3,3,4,4,4,4,3,3,1,1,3,3,5,5,3,3,4,4,1,1,5,5,4,4,4,4,3,3,4,4,2,2,5,5,3,3,3,3,3,3,2,2,4,4,3,3,1,1,4,4,2,2,4,4,1,1,4,4,2,2,5,5,116740
1,1.70196E+12,7/12/2023 15:12,1.70196E+12,0,7/12/2023 15:12,13764,4,questionnaire-7tij,,33520168,BLIND,9924257,,complete,,,computer,Desktop or Laptop,Windows 10,Chrome 119.0.0.0,1280x720,1280x571,,,,The Big Five Inventory (BFI) ,2,No,4,4,2,2,4,4,3,3,2,2,2,2,4,4,2,2,2,2,2,2,4,4,2,2,4,4,4,4,4,4,4,4,4,4,2,2,4,4,2,2,2,2,5,5,3,3,2,2,2,2,4,4,2,2,4,4,3,3,3,3,2,2,4,4,2,2,2,2,5,5,4,4,2,2,4,4,4,4,4,4,3,3,4,4,2,2,2,2,105266
1,1.70196E+12,7/12/2023 15:11,1.70196E+12,0,7/12/2023 15:12,13764,4,questionnaire-7tij,,33520164,BLIND,9924254,,complete,,,computer,Desktop or Laptop,Mac OS 10.15.7,Chrome 119.0.0.0,1440x900,1440x900,,,,The Big Five Inventory (BFI) ,2,No,5,5,4,4,3,3,5,5,2,2,2,2,1,1,5,5,1,1,5,5,2,2,4,4,3,3,4,4,2,2,2,2,2,2,4,4,4,4,4,4,1,1,1,1,2,2,2,2,2,2,3,3,4,4,5,5,4,4,4,4,1,1,2,2,5,5,2,2,1,1,5,5,4,4,2,2,4,4,4,4,2,2,4,4,4,4,3,3,219315
1,1.70196E+12,7/12/2023 15:11,1.70196E+12,0,7/12/2023 15:11,13764,4,questionnaire-7tij,,33520163,BLIND,9924253,,complete,,,computer,Desktop or Laptop,Mac OS 10.15.7,Chrome 119.0.0.0,1440x900,1440x813,,,,The Big Five Inventory (BFI) ,2,No,3,3,2,2,2,2,1,1,4,4,3,3,4,4,4,4,4,4,5,5,3,3,1,1,3,3,3,3,5,5,3,3,4,4,4,4,2,2,4,4,4,4,4,4,4,4,4,4,3,3,3,3,2,2,3,3,4,4,5,5,3,3,5,5,3,3,4,4,2,2,2,2,1,1,2,2,2,2,5,5,1,1,3,3,2,2,4,4,290492
1,1.70196E+12,7/12/2023 15:11,1.70196E+12,0,7/12/2023 15:11,13764,4,questionnaire-7tij,,33520162,BLIND,9924252,,complete,,,computer,Desktop or Laptop,Windows 10,Chrome 119.0.0.0,1920x1080,1920x953,,,,The Big Five Inventory (BFI) ,2,No,3,3,4,4,2,2,4,4,5,5,1,1,3,3,5,5,2,2,4,4,4,4,5,5,4,4,4,4,4,4,4,4,4,4,3,3,4,4,3,3,5,5,3,3,4,4,3,3,2,2,2,2,4,4,3,3,3,3,3,3,3,3,2,2,3,3,3,3,4,4,3,3,3,3,3,3,3,3,4,4,4,4,4,4,4,4,4,4,172756
1,1.70196E+12,7/12/2023 15:11,1.70196E+12,0,7/12/2023 15:11,13764,4,questionnaire-7tij,,33520159,BLIND,9924251,,complete,,,computer,Desktop or Laptop,Mac OS 10.15.7,Chrome 119.0.0.0,1440x900,1440x695,,,,The Big Five Inventory (BFI) ,2,No,4,4,4,4,2,2,4,4,5,5,2,2,2,2,4,4,4,4,5,5,4,4,4,4,5,5,3,3,5,5,4,4,3,3,2,2,5,5,5,5,3,3,4,4,4,4,5,5,5,5,4,4,5,5,3,3,4,4,5,5,4,4,1,1,4,4,3,3,2,2,3,3,5,5,2,2,2,2,5,5,1,1,2,2,4,4,5,5,446384
1,1.70196E+12,7/12/2023 15:11,1.70196E+12,0,7/12/2023 15:11,13764,4,questionnaire-7tij,,33520158,BLIND,9924250,,complete,,,computer,Desktop or Laptop,Windows 10,Chrome 120.0.0.0,1280x800,1280x631,,,,The Big Five Inventory (BFI) ,2,No,4,4,2,2,4,4,3,3,5,5,2,2,3,3,5,5,2,2,4,4,1,1,3,3,2,2,4,4,4,4,4,4,5,5,5,5,5,5,5,5,5,5,5,5,5,5,5,5,5,5,5,5,5,5,5,5,5,5,5,5,5,5,5,5,5,5,5,5,5,5,5,5,5,5,5,5,5,5,5,5,5,5,5,5,1,1,1,1,120071
1,1.70196E+12,7/12/2023 15:11,1.70196E+12,0,7/12/2023 15:11,13764,4,questionnaire-7tij,,33520156,BLIND,9924248,,complete,,,computer,Desktop or Laptop,Windows 10,Chrome 119.0.0.0,1494x934,744x798,,,,The Big Five Inventory (BFI) ,2,No,1,1,2,2,3,3,4,4,1,1,4,4,3,3,2,2,2,2,3,3,3,3,2,2,4,4,4,4,3,3,2,2,4,4,2,2,5,5,2,2,4,4,2,2,4,4,2,2,2,2,1,1,2,2,4,4,4,4,3,3,5,5,4,4,4,4,2,2,4,4,2,2,2,2,2,2,4,4,2,2,4,4,4,4,4,4,1,1,192809
1,1.70196E+12,7/12/2023 15:11,1.70196E+12,0,7/12/2023 15:11,13764,4,questionnaire-7tij,,33520155,BLIND,9924247,,complete,,,computer,Desktop or Laptop,Windows 10,Edge 119.0.0.0,1536x864,1488x742,,,,The Big Five Inventory (BFI) ,2,No,5,5,5,5,5,5,1,1,4,4,1,1,3,3,5,5,1,1,4,4,5,5,4,4,5,5,4,4,2,2,5,5,4,4,1,1,4,4,3,3,1,1,5,5,4,4,2,2,2,2,5,5,1,1,5,5,5,5,2,2,2,2,5,5,5,5,2,2,5,5,5,5,5,5,5,5,2,2,5,5,5,5,4,4,5,5,1,1,75984
1,1.70196E+12,7/12/2023 15:11,1.70196E+12,0,7/12/2023 15:11,13764,4,questionnaire-7tij,,33520154,BLIND,9924246,,complete,,,computer,Desktop or Laptop,Mac OS 10.15.7,Chrome 118.0.0.0,1470x956,1470x798,,,,The Big Five Inventory (BFI) ,2,No,4,4,3,3,4,4,2,2,4,4,2,2,4,4,4,4,3,3,5,5,4,4,4,4,4,4,4,4,4,4,4,4,4,4,5,5,3,3,5,5,2,2,4,4,3,3,1,1,4,4,3,3,2,2,4,4,5,5,5,5,2,2,4,4,4,4,3,3,2,2,4,4,4,4,3,3,4,4,3,3,1,1,4,4,5,5,5,5,150232
1,1.70196E+12,7/12/2023 15:11,1.70196E+12,0,7/12/2023 15:11,13764,4,questionnaire-7tij,,33520153,BLIND,9924245,,complete,,,computer,Desktop or Laptop,Mac OS 10.15.7,Chrome 119.0.0.0,1440x900,1420x649,,,,The Big Five Inventory (BFI) ,2,No,4,4,2,2,4,4,2,2,4,4,2,2,1,1,2,2,3,3,5,5,4,4,2,2,4,4,4,4,4,4,3,3,4,4,2,2,4,4,4,4,2,2,4,4,2,2,2,2,4,4,4,4,2,2,4,4,4,4,4,4,4,4,4,4,3,3,4,4,4,4,4,4,2,2,4,4,3,3,4,4,2,2,4,4,4,4,4,4,142019
1,1.70196E+12,7/12/2023 15:11,1.70196E+12,0,7/12/2023 15:11,13764,4,questionnaire-7tij,,33520152,BLIND,9924244,,complete,,,computer,Desktop or Laptop,Mac OS 10.15.7,Chrome 119.0.0.0,1440x900,1440x783,,,,The Big Five Inventory (BFI) ,2,No,3,3,3,3,5,5,4,4,5,5,4,4,3,3,2,2,1,1,4,4,3,3,2,2,5,5,5,5,5,5,4,4,5,5,2,2,5,5,5,5,3,3,4,4,1,1,1,1,4,4,1,1,3,3,5,5,5,5,5,5,4,4,4,4,4,4,1,1,4,4,3,3,2,2,4,4,4,4,4,4,1,1,2,2,3,3,5,5,119304
1,1.70196E+12,7/12/2023 15:11,1.70196E+12,0,7/12/2023 15:11,13764,4,questionnaire-7tij,,33520151,BLIND,9924243,,complete,,,computer,Desktop or Laptop,Mac OS 10.15.7,Chrome 119.0.0.0,1440x900,1315x699,,,,The Big Five Inventory (BFI) ,2,No,5,5,3,3,3,3,1,1,4,4,3,3,4,4,3,3,4,4,4,4,5,5,2,2,4,4,3,3,4,4,5,5,4,4,1,1,3,3,4,4,2,2,4,4,2,2,4,4,4,4,2,2,3,3,4,4,3,3,4,4,2,2,5,5,4,4,3,3,4,4,5,5,3,3,5,5,2,2,5,5,1,1,5,5,2,2,5,5,198493
1,1.70196E+12,7/12/2023 15:11,1.70196E+12,0,7/12/2023 15:11,13764,4,questionnaire-7tij,,33520150,BLIND,9924242,,complete,,,computer,Desktop or Laptop,Mac OS 10.15.7,Safari 16.6,1470x956,1470x817,,,,The Big Five Inventory (BFI) ,2,No,5,5,4,4,3,3,1,1,4,4,3,3,4,4,5,5,5,5,5,5,5,5,4,4,2,2,4,4,5,5,5,5,5,5,5,5,3,3,4,4,1,1,2,2,5,5,5,5,3,3,5,5,5,5,3,3,3,3,1,1,1,1,4,4,2,2,4,4,1,1,5,5,3,3,2,2,2,2,4,4,5,5,4,4,4,4,1,1,151309
1,1.70196E+12,7/12/2023 15:11,1.70196E+12,0,7/12/2023 15:11,13764,4,questionnaire-7tij,,33520147,BLIND,9924241,,complete,,,computer,Desktop or Laptop,Mac OS 10.15.7,Chrome 118.0.0.0,1440x900,1440x683,,,,The Big Five Inventory (BFI) ,2,No,4,4,3,3,5,5,2,2,2,2,2,2,4,4,5,5,2,2,4,4,3,3,2,2,4,4,4,4,2,2,3,3,4,4,4,4,4,4,2,2,4,4,4,4,4,4,2,2,2,2,2,2,2,2,5,5,3,3,2,2,3,3,3,3,4,4,2,2,5,5,4,4,2,2,4,4,2,2,4,4,4,4,4,4,3,3,4,4,254364
1,1.70196E+12,7/12/2023 15:11,1.70196E+12,0,7/12/2023 15:11,13764,4,questionnaire-7tij,,33520143,BLIND,9924240,,complete,,,computer,Desktop or Laptop,Mac OS 10.15.7,Chrome 119.0.0.0,1470x956,1470x803,,,,The Big Five Inventory (BFI) ,2,No,2,2,4,4,4,4,3,3,4,4,4,4,3,3,3,3,3,3,4,4,2,2,4,4,4,4,4,4,4,4,3,3,1,1,3,3,3,3,4,4,4,4,2,2,2,2,3,3,3,3,4,4,5,5,4,4,5,5,4,4,4,4,2,2,4,4,3,3,3,3,2,2,5,5,4,4,3,3,2,2,2,2,2,2,4,4,5,5,86957
1,1.70196E+12,7/12/2023 15:11,1.70196E+12,8,7/12/2023 23:11,13764,4,questionnaire-7tij,,33520141,BLIND,9924239,,complete,,,computer,Desktop or Laptop,Mac OS 10.15.7,Chrome 117.0.0.0,1470x956,1470x834,,,,The Big Five Inventory (BFI) ,2,No,4,4,3,3,2,2,1,1,3,3,2,2,4,4,1,1,4,4,5,5,5,5,1,1,4,4,4,4,2,2,4,4,2,2,2,2,1,1,4,4,3,3,4,4,4,4,4,4,4,4,4,4,4,4,5,5,2,2,3,3,5,5,5,5,2,2,4,4,2,2,3,3,1,1,1,1,4,4,3,3,2,2,4,4,4,4,4,4,199788
1,1.70196E+12,7/12/2023 15:11,1.70196E+12,0,7/12/2023 15:11,13764,4,questionnaire-7tij,,33520139,BLIND,9924237,,live,,,computer,Desktop or Laptop,Windows 10,Chrome 119.0.0.0,1707x960,1707x803,,,,The Big Five Inventory (BFI) ,2,No,,,,,,,,,,,,,,,,,,,,,,,,,,,,,,,,,,,,,,,,,,,,,,,,,,,,,,,,,,,,,,,,,,,,,,,,,,,,,,,,,,,,,,,,,
1,1.70196E+12,7/12/2023 15:10,1.70196E+12,0,7/12/2023 15:10,13764,4,questionnaire-7tij,,33520116,BLIND,9924227,,complete,,,computer,Desktop or Laptop,Mac OS 10.15.7,Safari 16.1,1440x900,1440x820,,,,The Big Five Inventory (BFI) ,2,No,3,3,3,3,5,5,2,2,3,3,2,2,4,4,2,2,2,2,5,5,4,4,2,2,5,5,4,4,3,3,4,4,2,2,1,1,4,4,4,4,4,4,2,2,1,1,2,2,4,4,4,4,4,4,4,4,2,2,5,5,4,4,4,4,4,4,4,4,5,5,3,3,3,3,5,5,4,4,4,4,1,1,2,2,1,1,4,4,187132
1,1.70196E+12,7/12/2023 15:09,1.70196E+12,0,7/12/2023 15:09,13764,4,questionnaire-7tij,,33520099,BLIND,9924224,,complete,,,computer,Desktop or Laptop,Windows 10,Chrome 120.0.0.0,1536x864,1536x707,,,,The Big Five Inventory (BFI) ,2,No,2,2,2,2,4,4,4,4,2,2,4,4,4,4,4,4,4,4,3,3,3,3,2,2,4,4,5,5,1,1,1,1,4,4,2,2,4,4,1,1,4,4,4,4,2,2,4,4,2,2,1,1,3,3,5,5,3,3,1,1,5,5,4,4,4,4,2,2,5,5,1,1,2,2,4,4,3,3,3,3,4,4,4,4,4,4,2,2,352833
1,1.70196E+12,7/12/2023 15:06,1.70196E+12,8,7/12/2023 23:06,13764,4,questionnaire-7tij,,33520037,BLIND,9924205,,live,,,computer,Desktop or Laptop,Mac OS 10.15.7,Chrome 117.0.0.0,1470x956,1470x834,,,,The Big Five Inventory (BFI) ,2,No,,,,,,,,,,,,,,,,,,,,,,,,,,,,,,,,,,,,,,,,,,,,,,,,,,,,,,,,,,,,,,,,,,,,,,,,,,,,,,,,,,,,,,,,,
1,1.70196E+12,7/12/2023 14:36,1.70196E+12,0,7/12/2023 14:36,13764,4,questionnaire-7tij,,33519150,BLIND,9923964,,complete,,,computer,Desktop or Laptop,Windows 10,Chrome 119.0.0.0,1536x864,1536x739,,,,The Big Five Inventory (BFI) ,2,No,4,4,3,3,4,4,3,3,2,2,4,4,4,4,4,4,3,3,5,5,3,3,2,2,5,5,4,4,5,5,3,3,5,5,4,4,4,4,2,2,2,2,2,2,4,4,2,2,2,2,2,2,1,1,4,4,4,4,5,5,4,4,5,5,2,2,4,4,4,4,4,4,2,2,2,2,4,4,3,3,3,3,4,4,5,5,2,2,358523
1,1.70196E+12,7/12/2023 13:16,1.70196E+12,0,7/12/2023 13:16,13764,4,questionnaire-7tij,,33516992,BLIND,9923275,,live,,,mobile,undefined K,Android 10,Chrome 119.0.0.0,360x780,360x682,,,,The Big Five Inventory (BFI) ,2,No,,,,,,,,,,,,,,,,,,,,,,,,,,,,,,,,,,,,,,,,,,,,,,,,,,,,,,,,,,,,,,,,,,,,,,,,,,,,,,,,,,,,,,,,,
1,1.70195E+12,7/12/2023 12:21,1.70195E+12,0,7/12/2023 12:20,13764,4,questionnaire-7tij,,33514720,BLIND,9922730,,live,,,computer,Desktop or Laptop,Windows 10,Chrome 119.0.0.0,1536x864,1536x747,,,,The Big Five Inventory (BFI) ,2,No,,,,,,,,,,,,,,,,,,,,,,,,,,,,,,,,,,,,,,,,,,,,,,,,,,,,,,,,,,,,,,,,,,,,,,,,,,,,,,,,,,,,,,,,,
1,1.70191E+12,7/12/2023 0:15,1.70191E+12,0,7/12/2023 0:15,13764,4,questionnaire-7tij,,33505299,BLIND,9911224,,live,,,mobile,Apple iPhone,iOS 17.1.2,Mobile Safari 17.1.2,390x844,390x663,,,,The Big Five Inventory (BFI) ,2,No,,,,,,,,,,,,,,,,,,,,,,,,,,,,,,,,,,,,,,,,,,,,,,,,,,,,,,,,,,,,,,,,,,,,,,,,,,,,,,,,,,,,,,,,,
1,1.70136E+12,30/11/2023 15:39:25,1.70136E+12,0,30/11/2023 15:39:25,13764,4,questionnaire-7tij,,33330012,BLIND,9868663,,live,,,computer,Desktop or Laptop,Mac OS 10.15.7,Chrome 119.0.0.0,1470x956,1359x778,,,,The Big Five Inventory (BFI) ,2,No,,,,,,,,,,,,,,,,,,,,,,,,,,,,,,,,,,,,,,,,,,,,,,,,,,,,,,,,,,,,,,,,,,,,,,,,,,,,,,,,,,,,,,,,,
1,1.70112E+12,27/11/2023 20:47:31,1.70112E+12,0,27/11/2023 20:47:31,13764,4,questionnaire-7tij,,33257203,BLIND,9845881,,live,,,computer,Desktop or Laptop,Mac OS 10.15.7,Chrome 119.0.0.0,1440x900,1420x695,,,,The Big Five Inventory (BFI) ,2,No,,,,,,,,,,,,,,,,,,,,,,,,,,,,,,,,,,,,,,,,,,,,,,,,,,,,,,,,,,,,,,,,,,,,,,,,,,,,,,,,,,,,,,,,,
1,1.67812E+12,6/3/2023 15:55,1.67812E+12,0,6/3/2023 15:55,13764,4,questionnaire-7tij,,27865248,BLIND,8276582,,live,,,computer,Desktop or Laptop,Mac OS 10.15.7,Chrome 110.0.0.0,1440x900,712x711,,,,The Big Five Inventory (BFI) ,2,No,,,,,,,,,,,,,,,,,,,,,,,,,,,,,,,,,,,,,,,,,,,,,,,,,,,,,,,,,,,,,,,,,,,,,,,,,,,,,,,,,,,,,,,,,
1,1.6781E+12,6/3/2023 10:16,1.6781E+12,0,6/3/2023 10:16,13764,4,questionnaire-7tij,,27845986,BLIND,8271809,,live,,,computer,Desktop or Laptop,Windows 10,Edge 110.0.1587.63,1440x900,718x771,,,,The Big Five Inventory (BFI) ,2,No,,,,,,,,,,,,,,,,,,,,,,,,,,,,,,,,,,,,,,,,,,,,,,,,,,,,,,,,,,,,,,,,,,,,,,,,,,,,,,,,,,,,,,,,,
1,1.67501E+12,29/01/2023 15:30:47,1.67501E+12,0,29/01/2023 15:30:50,13764,4,questionnaire-7tij,,26748719,BLIND,7936616,,live,,,computer,Desktop or Laptop,Windows 10,Chrome 109.0.0.0,1536x864,1536x688,,,,The Big Five Inventory (BFI) ,2,No,,,,,,,,,,,,,,,,,,,,,,,,,,,,,,,,,,,,,,,,,,,,,,,,,,,,,,,,,,,,,,,,,,,,,,,,,,,,,,,,,,,,,,,,,
1,1.67493E+12,28/01/2023 19:02:08,1.67493E+12,0,28/01/2023 19:02:08,13764,4,questionnaire-7tij,,26737811,BLIND,7933134,,live,,,computer,Desktop or Laptop,Windows 10,Chrome 109.0.0.0,1280x720,1280x609,,,,The Big Five Inventory (BFI) ,2,No,,,,,,,,,,,,,,,,,,,,,,,,,,,,,,,,,,,,,,,,,,,,,,,,,,,,,,,,,,,,,,,,,,,,,,,,,,,,,,,,,,,,,,,,,
1,1.67493E+12,28/01/2023 18:55:07,1.67493E+12,0,28/01/2023 18:55:06,13764,4,questionnaire-7tij,,26737616,BLIND,7933079,,live,,,computer,Desktop or Laptop,Windows 10,Chrome 109.0.0.0,1280x720,1280x609,,,,The Big Five Inventory (BFI) ,2,No,,,,,,,,,,,,,,,,,,,,,,,,,,,,,,,,,,,,,,,,,,,,,,,,,,,,,,,,,,,,,,,,,,,,,,,,,,,,,,,,,,,,,,,,,
1,1.67458E+12,24/01/2023 17:59:56,1.67458E+12,0,24/01/2023 17:59:56,13764,4,questionnaire-7tij,,26609968,BLIND,7872774,,live,,,computer,Desktop or Laptop,Mac OS 10.15.7,Chrome 107.0.0.0,1470x956,759x698,,,,The Big Five Inventory (BFI) ,2,No,,,,,,,,,,,,,,,,,,,,,,,,,,,,,,,,,,,,,,,,,,,,,,,,,,,,,,,,,,,,,,,,,,,,,,,,,,,,,,,,,,,,,,,,,
1,1.67458E+12,24/01/2023 17:49:42,1.67458E+12,0,24/01/2023 17:49:42,13764,4,questionnaire-7tij,,26609627,BLIND,7872654,,live,,,computer,Desktop or Laptop,Windows 10,Chrome 109.0.0.0,1536x864,1536x746,,,,The Big Five Inventory (BFI) ,2,No,,,,,,,,,,,,,,,,,,,,,,,,,,,,,,,,,,,,,,,,,,,,,,,,,,,,,,,,,,,,,,,,,,,,,,,,,,,,,,,,,,,,,,,,,
1,1.67453E+12,24/01/2023 02:29:54,1.67453E+12,0,24/01/2023 02:29:54,13764,4,questionnaire-7tij,,26582196,BLIND,7859244,,live,,,computer,Desktop or Laptop,Mac OS 10.15.7,Chrome 107.0.0.0,1470x956,1470x809,,,,The Big Five Inventory (BFI) ,2,No,,,,,,,,,,,,,,,,,,,,,,,,,,,,,,,,,,,,,,,,,,,,,,,,,,,,,,,,,,,,,,,,,,,,,,,,,,,,,,,,,,,,,,,,,
1,1.67451E+12,23/01/2023 21:59:21,1.67451E+12,0,23/01/2023 21:59:21,13764,4,questionnaire-7tij,,26579256,BLIND,7857993,,live,,,computer,Desktop or Laptop,Mac OS 10.15.6,Safari 14.0.2,834x1112,1112x731,,,,The Big Five Inventory (BFI) ,2,No,,,,,,,,,,,,,,,,,,,,,,,,,,,,,,,,,,,,,,,,,,,,,,,,,,,,,,,,,,,,,,,,,,,,,,,,,,,,,,,,,,,,,,,,,
1,1.67449E+12,23/01/2023 16:19:27,1.67449E+12,0,23/01/2023 16:19:27,13764,4,questionnaire-7tij,,26567543,BLIND,7853872,,live,,,computer,Desktop or Laptop,Mac OS 10.15.6,Safari undefined,1024x1366,1366x917,,,,The Big Five Inventory (BFI) ,2,No,,,,,,,,,,,,,,,,,,,,,,,,,,,,,,,,,,,,,,,,,,,,,,,,,,,,,,,,,,,,,,,,,,,,,,,,,,,,,,,,,,,,,,,,,
1,1.67448E+12,23/01/2023 14:30:28,1.67448E+12,0,23/01/2023 14:30:28,13764,4,questionnaire-7tij,,26562860,BLIND,7851987,,live,,,computer,Desktop or Laptop,Mac OS 10.15.6,Safari 14.0.2,834x1112,1112x731,,,,The Big Five Inventory (BFI) ,2,No,,,,,,,,,,,,,,,,,,,,,,,,,,,,,,,,,,,,,,,,,,,,,,,,,,,,,,,,,,,,,,,,,,,,,,,,,,,,,,,,,,,,,,,,,
1,1.67444E+12,23/01/2023 01:25:29,1.67444E+12,0,23/01/2023 01:25:39,13764,4,questionnaire-7tij,,26549908,BLIND,7847362,,complete,,,computer,Desktop or Laptop,Mac OS 10.15.7,Chrome 108.0.0.0,1470x956,1085x779,,,,The Big Five Inventory (BFI) ,2,No,4,4,3,3,5,5,3,3,5,5,3,3,4,4,2,2,3,3,2,2,4,4,5,5,3,3,4,4,4,4,4,4,3,3,4,4,3,3,3,3,3,3,3,3,3,3,3,3,3,3,3,3,3,3,4,4,3,3,4,4,5,5,5,5,3,3,4,4,4,4,3,3,3,3,3,3,3,3,3,3,1,1,3,3,2,2,4,4,817996
1,1.6744E+12,22/01/2023 13:52:26,1.6744E+12,0,22/01/2023 13:52:26,13764,4,questionnaire-7tij,,26541411,BLIND,7844259,,live,,,computer,Desktop or Laptop,Mac OS 10.15.7,Chrome 108.0.0.0,1470x956,1470x784,,,,The Big Five Inventory (BFI) ,2,No,,,,,,,,,,,,,,,,,,,,,,,,,,,,,,,,,,,,,,,,,,,,,,,,,,,,,,,,,,,,,,,,,,,,,,,,,,,,,,,,,,,,,,,,,
1,1.6744E+12,22/01/2023 13:52:06,1.6744E+12,0,22/01/2023 13:52:06,13764,4,questionnaire-7tij,,26541406,BLIND,7844257,,live,,,computer,Desktop or Laptop,Mac OS 10.15.7,Chrome 108.0.0.0,1470x956,1470x784,,,,The Big Five Inventory (BFI) ,2,No,,,,,,,,,,,,,,,,,,,,,,,,,,,,,,,,,,,,,,,,,,,,,,,,,,,,,,,,,,,,,,,,,,,,,,,,,,,,,,,,,,,,,,,,,
1,1.67432E+12,21/01/2023 17:42:39,1.67432E+12,0,21/01/2023 17:42:39,13764,4,questionnaire-7tij,,26534400,BLIND,7841545,,live,,,computer,Desktop or Laptop,Windows 10,Edge 109.0.1518.55,1280x720,1644x802,,,,The Big Five Inventory (BFI) ,2,No,,,,,,,,,,,,,,,,,,,,,,,,,,,,,,,,,,,,,,,,,,,,,,,,,,,,,,,,,,,,,,,,,,,,,,,,,,,,,,,,,,,,,,,,,
1,1.67432E+12,21/01/2023 15:54:36,1.67432E+12,0,21/01/2023 15:53:51,13764,4,questionnaire-7tij,,26533056,BLIND,7841079,,live,,,computer,Desktop or Laptop,Windows 10,Opera 93.0.0.0,1536x864,1495x715,,,,The Big Five Inventory (BFI) ,2,No,,,,,,,,,,,,,,,,,,,,,,,,,,,,,,,,,,,,,,,,,,,,,,,,,,,,,,,,,,,,,,,,,,,,,,,,,,,,,,,,,,,,,,,,,
1,1.67423E+12,20/01/2023 15:15:21,1.67423E+12,0,20/01/2023 15:15:20,13764,4,questionnaire-7tij,,26519062,BLIND,7835616,,live,,,computer,Desktop or Laptop,Mac OS 10.15.7,Chrome 108.0.0.0,1680x1050,1680x840,,,,The Big Five Inventory (BFI) ,2,No,,,,,,,,,,,,,,,,,,,,,,,,,,,,,,,,,,,,,,,,,,,,,,,,,,,,,,,,,,,,,,,,,,,,,,,,,,,,,,,,,,,,,,,,,
1,1.67416E+12,19/01/2023 19:15:59,1.67416E+12,0,19/01/2023 19:15:59,13764,4,questionnaire-7tij,,26501856,BLIND,7826753,,live,,,computer,Desktop or Laptop,Mac OS 10.15.7,Chrome 108.0.0.0,1728x1117,1409x777,,,,The Big Five Inventory (BFI) ,2,No,,,,,,,,,,,,,,,,,,,,,,,,,,,,,,,,,,,,,,,,,,,,,,,,,,,,,,,,,,,,,,,,,,,,,,,,,,,,,,,,,,,,,,,,,
1,1.67414E+12,19/01/2023 14:25:28,1.67414E+12,0,19/01/2023 14:25:28,13764,4,questionnaire-7tij,,26489082,BLIND,7822502,,live,,,tablet,Apple iPad,iOS 16.2,Chrome 104.0.5112.99,820x1180,585x682,,,,The Big Five Inventory (BFI) ,2,No,,,,,,,,,,,,,,,,,,,,,,,,,,,,,,,,,,,,,,,,,,,,,,,,,,,,,,,,,,,,,,,,,,,,,,,,,,,,,,,,,,,,,,,,,
1,1.67405E+12,18/01/2023 14:52:50,1.67405E+12,0,18/01/2023 14:52:50,13764,4,questionnaire-7tij,,26461809,BLIND,7811309,,complete,,,computer,Desktop or Laptop,Mac OS 10.15.7,Chrome 108.0.0.0,1728x1117,1409x777,,,,The Big Five Inventory (BFI) ,2,No,3,3,2,2,4,4,2,2,3,3,4,4,4,4,3,3,3,3,5,5,2,2,1,1,4,4,4,4,4,4,4,4,3,3,2,2,2,2,4,4,3,3,4,4,4,4,4,4,3,3,2,2,3,3,3,3,3,3,4,4,4,4,4,4,4,4,2,2,3,3,3,3,2,2,4,4,4,4,4,4,2,2,5,5,4,4,4,4,136132
1,1.67404E+12,18/01/2023 11:45:34,1.67404E+12,0,18/01/2023 11:45:34,13764,4,questionnaire-7tij,,26455402,BLIND,7809306,,live,,,computer,Desktop or Laptop,Windows 10,Edge 109.0.1518.55,1440x900,1393x781,,,,The Big Five Inventory (BFI) ,2,No,,,,,,,,,,,,,,,,,,,,,,,,,,,,,,,,,,,,,,,,,,,,,,,,,,,,,,,,,,,,,,,,,,,,,,,,,,,,,,,,,,,,,,,,,
1,1.67404E+12,18/01/2023 11:15:15,1.67404E+12,0,18/01/2023 11:15:15,13764,4,questionnaire-7tij,,26454803,BLIND,7809005,,live,,,computer,Desktop or Laptop,Mac OS 10.15.7,Safari 15.6,1440x900,1440x820,,,,The Big Five Inventory (BFI) ,2,No,,,,,,,,,,,,,,,,,,,,,,,,,,,,,,,,,,,,,,,,,,,,,,,,,,,,,,,,,,,,,,,,,,,,,,,,,,,,,,,,,,,,,,,,,
1,1.67398E+12,17/01/2023 18:11:18,1.67398E+12,0,17/01/2023 18:11:17,13764,4,questionnaire-7tij,,26445010,BLIND,7805526,,live,,,computer,Desktop or Laptop,Mac OS 10.15.7,Safari 16.2,1710x1112,1710x990,,,,The Big Five Inventory (BFI) ,2,No,,,,,,,,,,,,,,,,,,,,,,,,,,,,,,,,,,,,,,,,,,,,,,,,,,,,,,,,,,,,,,,,,,,,,,,,,,,,,,,,,,,,,,,,,
1,1.67381E+12,15/01/2023 19:34:00,1.67381E+12,0,15/01/2023 19:34:00,13764,4,questionnaire-7tij,,26401421,BLIND,7791453,,live,,,computer,Desktop or Laptop,Mac OS 10.15.7,Safari 16.1,1470x956,1470x840,,,,The Big Five Inventory (BFI) ,2,No,,,,,,,,,,,,,,,,,,,,,,,,,,,,,,,,,,,,,,,,,,,,,,,,,,,,,,,,,,,,,,,,,,,,,,,,,,,,,,,,,,,,,,,,,
1,1.67372E+12,14/01/2023 17:13:01,1.67372E+12,0,14/01/2023 17:13:00,13764,4,questionnaire-7tij,,26386361,BLIND,7788112,,complete,,,computer,Desktop or Laptop,Windows 10,Edge 108.0.1462.76,1280x720,1280x601,,,,The Big Five Inventory (BFI) ,2,No,4,4,5,5,4,4,5,5,5,5,2,2,4,4,3,3,2,2,5,5,4,4,2,2,4,4,5,5,5,5,4,4,3,3,4,4,5,5,5,5,4,4,2,2,3,3,1,1,5,5,4,4,3,3,4,4,4,4,4,4,4,4,3,3,3,3,3,3,2,2,3,3,4,4,2,2,5,5,5,5,1,1,3,3,5,5,5,5,322805
1,1.67358E+12,13/01/2023 03:29:51,1.67358E+12,0,13/01/2023 03:29:51,13764,4,questionnaire-7tij,,26357872,BLIND,7780755,,live,,,computer,Desktop or Laptop,Mac OS 10.15.7,Chrome 107.0.0.0,1470x956,932x748,,,,The Big Five Inventory (BFI) ,2,No,,,,,,,,,,,,,,,,,,,,,,,,,,,,,,,,,,,,,,,,,,,,,,,,,,,,,,,,,,,,,,,,,,,,,,,,,,,,,,,,,,,,,,,,,
1,1.67301E+12,6/1/2023 13:48,1.67301E+12,0,6/1/2023 13:48,13764,4,questionnaire-7tij,,26228570,BLIND,7744762,,complete,,,computer,Desktop or Laptop,Windows 10,Edge 108.0.1462.54,1440x900,1440x781,,,,The Big Five Inventory (BFI) ,2,No,1,1,4,4,2,2,5,5,3,3,2,2,1,1,3,3,1,1,4,4,2,2,2,2,4,4,4,4,3,3,2,2,5,5,2,2,5,5,4,4,5,5,4,4,2,2,1,1,3,3,2,2,5,5,2,2,5,5,4,4,5,5,3,3,4,4,2,2,4,4,1,1,4,4,3,3,5,5,5,5,1,1,2,2,2,2,5,5,1031394
1,1.6718E+12,23/12/2022 12:32:34,1.6718E+12,1,23/12/2022 13:32:33,13764,4,questionnaire-7tij,,26107128,BLIND,7707994,,live,,,computer,Desktop or Laptop,Mac OS 10.15.7,Safari 16.1,1440x900,1440x737,,,,The Big Five Inventory (BFI) ,2,No,,,,,,,,,,,,,,,,,,,,,,,,,,,,,,,,,,,,,,,,,,,,,,,,,,,,,,,,,,,,,,,,,,,,,,,,,,,,,,,,,,,,,,,,,
1,1.6718E+12,23/12/2022 12:28:47,1.6718E+12,1,23/12/2022 13:28:47,13764,4,questionnaire-7tij,,26107096,BLIND,7707986,,complete,,,computer,Desktop or Laptop,Mac OS 10.15.7,Safari 16.1,1440x900,1440x737,,,,The Big Five Inventory (BFI) ,2,No,3,3,3,3,3,3,3,3,3,3,3,3,3,3,3,3,3,3,3,3,3,3,3,3,3,3,3,3,3,3,3,3,3,3,3,3,3,3,3,3,3,3,3,3,3,3,3,3,3,3,3,3,3,3,3,3,3,3,3,3,3,3,3,3,3,3,3,3,3,3,3,3,3,3,3,3,3,3,3,3,3,3,3,3,3,3,3,3,214197
1,1.67172E+12,22/12/2022 14:00:59,1.67172E+12,0,22/12/2022 14:00:58,13764,4,questionnaire-7tij,,26094782,BLIND,7702985,,live,,,computer,Desktop or Laptop,Windows 10,Chrome 108.0.0.0,1280x720,632x534,,,,The Big Five Inventory (BFI) ,2,No,,,,,,,,,,,,,,,,,,,,,,,,,,,,,,,,,,,,,,,,,,,,,,,,,,,,,,,,,,,,,,,,,,,,,,,,,,,,,,,,,,,,,,,,,
1,1.6712E+12,16/12/2022 15:07:30,1.6712E+12,1,16/12/2022 16:07:30,13764,4,questionnaire-7tij,,25993092,BLIND,7678349,,complete,,,computer,Desktop or Laptop,Mac OS 10.15.7,Safari 16.1,1440x900,1440x737,,,,The Big Five Inventory (BFI) ,2,No,4,4,4,4,4,4,2,2,3,3,2,2,4,4,2,2,2,2,4,4,4,4,2,2,5,5,4,4,4,4,4,4,3,3,2,2,5,5,4,4,2,2,4,4,3,3,3,3,3,3,3,3,2,2,5,5,5,5,5,5,2,2,4,4,4,4,2,2,3,3,3,3,3,3,2,2,5,5,4,4,2,2,4,4,3,3,4,4,110058
1,1.67052E+12,8/12/2022 16:25,1.67052E+12,0,8/12/2022 16:25,13764,4,questionnaire-7tij,,25793851,BLIND,7632742,,live,,,computer,Desktop or Laptop,Mac OS 10.15.6,Safari undefined,1024x1366,1366x917,,,,The Big Five Inventory (BFI) ,2,No,,,,,,,,,,,,,,,,,,,,,,,,,,,,,,,,,,,,,,,,,,,,,,,,,,,,,,,,,,,,,,,,,,,,,,,,,,,,,,,,,,,,,,,,,
1,1.67051E+12,8/12/2022 15:40,1.67051E+12,0,8/12/2022 15:40,13764,4,questionnaire-7tij,,25790712,BLIND,7631968,,complete,,,computer,Desktop or Laptop,Mac OS 10.15.7,Chrome 107.0.0.0,1280x800,1246x695,,,,The Big Five Inventory (BFI) ,2,No,5,5,4,4,4,4,2,2,5,5,2,2,4,4,4,4,4,4,4,4,4,4,3,3,4,4,4,4,4,4,5,5,4,4,4,4,5,5,5,5,2,2,4,4,4,4,2,2,5,5,4,4,2,2,4,4,4,4,5,5,2,2,4,4,5,5,4,4,2,2,4,4,2,2,4,4,4,4,5,5,2,2,4,4,4,4,5,5,163061
1,1.67051E+12,8/12/2022 15:39,1.67051E+12,0,8/12/2022 15:39,13764,4,questionnaire-7tij,,25790668,BLIND,7631956,,live,,,computer,Desktop or Laptop,Windows 10,Edge 108.0.1462.42,1920x1080,1873x969,,,,The Big Five Inventory (BFI) ,2,No,,,,,,,,,,,,,,,,,,,,,,,,,,,,,,,,,,,,,,,,,,,,,,,,,,,,,,,,,,,,,,,,,,,,,,,,,,,,,,,,,,,,,,,,,
1,1.67051E+12,8/12/2022 15:36,1.67051E+12,0,8/12/2022 15:36,13764,4,questionnaire-7tij,,25790561,BLIND,7631920,,live,,,computer,Desktop or Laptop,Mac OS 10.15.6,Safari 15.6.1,834x1194,1194x727,,,,The Big Five Inventory (BFI) ,2,No,,,,,,,,,,,,,,,,,,,,,,,,,,,,,,,,,,,,,,,,,,,,,,,,,,,,,,,,,,,,,,,,,,,,,,,,,,,,,,,,,,,,,,,,,
1,1.67051E+12,8/12/2022 15:34,1.67051E+12,0,8/12/2022 15:34,13764,4,questionnaire-7tij,,25790520,BLIND,7631910,,complete,,,computer,Desktop or Laptop,Mac OS 10.15.7,Chrome 107.0.0.0,1440x900,714x789,,,,The Big Five Inventory (BFI) ,2,No,5,5,5,5,5,5,5,5,5,5,5,5,5,5,5,5,5,5,5,5,5,5,5,5,5,5,5,5,5,5,5,5,5,5,5,5,5,5,5,5,5,5,5,5,5,5,5,5,5,5,5,5,5,5,5,5,5,5,5,5,5,5,5,5,5,5,5,5,5,5,5,5,5,5,5,5,5,5,5,5,5,5,5,5,5,5,5,5,1353512
1,1.67051E+12,8/12/2022 15:33,1.67051E+12,0,8/12/2022 15:33,13764,4,questionnaire-7tij,,25790461,BLIND,7631900,,live,,,computer,Desktop or Laptop,Mac OS 10.15.7,Chrome 107.0.0.0,1470x956,1154x701,,,,The Big Five Inventory (BFI) ,2,No,,,,,,,,,,,,,,,,,,,,,,,,,,,,,,,,,,,,,,,,,,,,,,,,,,,,,,,,,,,,,,,,,,,,,,,,,,,,,,,,,,,,,,,,,
1,1.67051E+12,8/12/2022 15:31,1.67051E+12,0,8/12/2022 15:31,13764,4,questionnaire-7tij,,25790401,BLIND,7631886,,live,,,computer,Desktop or Laptop,Windows 10,Edge 107.0.1418.62,1440x900,1440x781,,,,The Big Five Inventory (BFI) ,2,No,,,,,,,,,,,,,,,,,,,,,,,,,,,,,,,,,,,,,,,,,,,,,,,,,,,,,,,,,,,,,,,,,,,,,,,,,,,,,,,,,,,,,,,,,
1,1.67051E+12,8/12/2022 15:23,1.67051E+12,0,8/12/2022 15:23,13764,4,questionnaire-7tij,,25789950,BLIND,7631785,,live,,,computer,Desktop or Laptop,Mac OS 10.15.7,Chrome 107.0.0.0,1440x900,1440x732,,,,The Big Five Inventory (BFI) ,2,No,,,,,,,,,,,,,,,,,,,,,,,,,,,,,,,,,,,,,,,,,,,,,,,,,,,,,,,,,,,,,,,,,,,,,,,,,,,,,,,,,,,,,,,,,
1,1.67051E+12,8/12/2022 15:23,1.67051E+12,0,8/12/2022 15:23,13764,4,questionnaire-7tij,,25789928,BLIND,7631778,,live,,,computer,Desktop or Laptop,Mac OS 10.15.7,Chrome 108.0.0.0,1440x900,1239x703,,,,The Big Five Inventory (BFI) ,2,No,,,,,,,,,,,,,,,,,,,,,,,,,,,,,,,,,,,,,,,,,,,,,,,,,,,,,,,,,,,,,,,,,,,,,,,,,,,,,,,,,,,,,,,,,
1,1.67051E+12,8/12/2022 15:20,1.67051E+12,0,8/12/2022 15:20,13764,4,questionnaire-7tij,,25789820,BLIND,7631750,,complete,,,computer,Desktop or Laptop,Mac OS 10.15.7,Chrome 107.0.0.0,1470x956,1154x758,,,,The Big Five Inventory (BFI) ,2,No,3,3,4,4,2,2,4,4,4,4,3,3,4,4,4,4,3,3,4,4,2,2,2,2,4,4,4,4,3,3,4,4,4,4,4,4,3,3,4,4,3,3,4,4,4,4,2,2,4,4,4,4,4,4,3,3,3,3,5,5,3,3,4,4,4,4,3,3,2,2,4,4,3,3,3,3,2,2,3,3,4,4,4,4,3,3,3,3,141846
1,1.67051E+12,8/12/2022 15:19,1.67051E+12,0,8/12/2022 15:19,13764,4,questionnaire-7tij,,25789786,BLIND,7631743,,live,,,computer,Desktop or Laptop,Windows 10,Edge 107.0.1418.62,1440x900,1440x781,,,,The Big Five Inventory (BFI) ,2,No,,,,,,,,,,,,,,,,,,,,,,,,,,,,,,,,,,,,,,,,,,,,,,,,,,,,,,,,,,,,,,,,,,,,,,,,,,,,,,,,,,,,,,,,,
1,1.67051E+12,8/12/2022 15:19,1.67051E+12,0,8/12/2022 15:19,13764,4,questionnaire-7tij,,25789752,BLIND,7631729,,complete,,,computer,Desktop or Laptop,Mac OS 10.15.7,Chrome 105.0.0.0,1470x956,1470x841,,,,The Big Five Inventory (BFI) ,2,No,4,4,3,3,3,3,2,2,3,3,4,4,4,4,5,5,2,2,3,3,4,4,3,3,5,5,5,5,4,4,4,4,4,4,4,4,4,4,4,4,3,3,5,5,3,3,2,2,3,3,4,4,4,4,4,4,5,5,3,3,2,2,5,5,4,4,3,3,3,3,4,4,3,3,3,3,2,2,4,4,5,5,5,5,4,4,3,3,157206
1,1.67051E+12,8/12/2022 15:15,1.67051E+12,0,8/12/2022 15:15,13764,4,questionnaire-7tij,,25789658,BLIND,7631701,,complete,,,computer,Desktop or Laptop,Windows 10,Chrome 108.0.0.0,1920x1080,1920x937,,,,The Big Five Inventory (BFI) ,2,No,4,4,2,2,4,4,4,4,3,3,4,4,4,4,2,2,4,4,4,4,2,2,3,3,4,4,2,2,4,4,4,4,4,4,2,2,4,4,3,3,4,4,4,4,3,3,2,2,2,2,3,3,2,2,4,4,4,4,4,4,2,2,4,4,2,2,3,3,4,4,3,3,2,2,4,4,4,4,4,4,2,2,4,4,4,4,4,4,152843
1,1.67051E+12,8/12/2022 15:15,1.67051E+12,0,8/12/2022 15:15,13764,4,questionnaire-7tij,,25789633,BLIND,7631694,,complete,,,computer,Desktop or Laptop,Mac OS 10.15.7,Chrome 107.0.0.0,1440x900,1440x789,,,,The Big Five Inventory (BFI) ,2,No,4,4,3,3,5,5,4,4,2,2,3,3,4,4,4,4,2,2,5,5,3,3,3,3,3,3,4,4,5,5,2,2,4,4,4,4,5,5,5,5,3,3,4,4,3,3,2,2,2,2,3,3,2,2,4,4,5,5,4,4,4,4,3,3,3,3,2,2,4,4,3,3,3,3,3,3,4,4,4,4,2,2,3,3,5,5,3,3,134208
1,1.67051E+12,8/12/2022 15:14,1.67048E+12,8,8/12/2022 15:14,13764,4,questionnaire-7tij,,25789586,BLIND,7631680,,complete,,,computer,Desktop or Laptop,Mac OS 10.15.7,Chrome 107.0.0.0,1470x956,1470x841,,,,The Big Five Inventory (BFI) ,2,No,2,2,4,4,3,3,1,1,2,2,5,5,4,4,4,4,3,3,3,3,2,2,3,3,3,3,4,4,3,3,3,3,4,4,4,4,3,3,3,3,4,4,3,3,3,3,4,4,2,2,2,2,3,3,1,1,4,4,2,2,4,4,3,3,4,4,3,3,5,5,2,2,4,4,4,4,4,4,3,3,2,2,2,2,3,3,4,4,103836
1,1.67051E+12,8/12/2022 15:12,1.67051E+12,0,8/12/2022 15:12,13764,4,questionnaire-7tij,,25789558,BLIND,7631674,,live,,,computer,Desktop or Laptop,Mac OS 10.15.7,Chrome 107.0.0.0,1440x900,1440x686,,,,The Big Five Inventory (BFI) ,2,No,,,,,,,,,,,,,,,,,,,,,,,,,,,,,,,,,,,,,,,,,,,,,,,,,,,,,,,,,,,,,,,,,,,,,,,,,,,,,,,,,,,,,,,,,
1,1.67051E+12,8/12/2022 15:12,1.67051E+12,0,8/12/2022 15:12,13764,4,questionnaire-7tij,,25789544,BLIND,7631672,,complete,,,computer,Desktop or Laptop,Mac OS 10.15.7,Safari 15.6.1,1470x956,1470x840,,,,The Big Five Inventory (BFI) ,2,No,3,3,4,4,2,2,2,2,4,4,2,2,4,4,5,5,2,2,5,5,4,4,4,4,2,2,4,4,4,4,5,5,4,4,5,5,4,4,4,4,2,2,4,4,5,5,3,3,3,3,4,4,2,2,2,2,3,3,4,4,3,3,5,5,2,2,2,2,2,2,5,5,1,1,1,1,2,2,3,3,2,2,3,3,5,5,4,4,344329
1,1.67051E+12,8/12/2022 15:12,1.67051E+12,0,8/12/2022 15:12,13764,4,questionnaire-7tij,,25789542,BLIND,7631671,,complete,,,computer,Desktop or Laptop,Windows 10,Firefox 107.0,1707x960,1707x827,,,,The Big Five Inventory (BFI) ,2,No,3,3,2,2,3,3,3,3,5,5,5,5,5,5,5,5,4,4,5,5,3,3,1,1,2,2,3,3,5,5,3,3,5,5,2,2,4,4,5,5,4,4,4,4,2,2,4,4,4,4,2,2,5,5,3,3,2,2,3,3,4,4,5,5,3,3,4,4,4,4,2,2,1,1,2,2,3,3,4,4,2,2,4,4,5,5,3,3,196158
1,1.67051E+12,8/12/2022 15:11,1.67051E+12,0,8/12/2022 15:11,13764,4,questionnaire-7tij,,25789516,BLIND,7631663,,complete,,,computer,Desktop or Laptop,Windows 10,Edge 108.0.1462.42,1536x864,1490x746,,,,The Big Five Inventory (BFI) ,2,No,3,3,2,2,4,4,5,5,4,4,5,5,4,4,4,4,2,2,5,5,1,1,5,5,4,4,2,2,5,5,3,3,5,5,5,5,4,4,5,5,5,5,5,5,5,5,1,1,4,4,5,5,5,5,2,2,5,5,5,5,5,5,3,3,4,4,4,4,2,2,1,1,3,3,4,4,3,3,5,5,1,1,1,1,5,5,5,5,373128
1,1.67051E+12,8/12/2022 15:11,1.67051E+12,0,8/12/2022 15:11,13764,4,questionnaire-7tij,,25789504,BLIND,7631661,,complete,,,computer,Desktop or Laptop,Mac OS 10.15.7,Chrome 108.0.0.0,1470x956,1197x778,,,,The Big Five Inventory (BFI) ,2,No,3,3,2,2,5,5,2,2,4,4,3,3,3,3,1,1,4,4,5,5,4,4,3,3,5,5,4,4,5,5,5,5,3,3,2,2,3,3,4,4,3,3,2,2,1,1,2,2,4,4,5,5,3,3,5,5,4,4,5,5,3,3,2,2,5,5,5,5,3,3,4,4,1,1,4,4,1,1,4,4,1,1,4,4,2,2,5,5,195147
1,1.67051E+12,8/12/2022 15:10,1.67051E+12,0,8/12/2022 15:10,13764,4,questionnaire-7tij,,25789501,BLIND,7631659,,live,,,computer,Desktop or Laptop,Windows 10,Edge 108.0.1462.42,1440x900,1393x781,,,,The Big Five Inventory (BFI) ,2,No,,,,,,,,,,,,,,,,,,,,,,,,,,,,,,,,,,,,,,,,,,,,,,,,,,,,,,,,,,,,,,,,,,,,,,,,,,,,,,,,,,,,,,,,,
1,1.67051E+12,8/12/2022 15:10,1.67051E+12,0,8/12/2022 15:10,13764,4,questionnaire-7tij,,25789495,BLIND,7631655,,complete,,,computer,Desktop or Laptop,Windows 10,Edge 108.0.1462.42,1920x1080,1873x969,,,,The Big Five Inventory (BFI) ,2,No,2,2,1,1,5,5,1,1,5,5,1,1,5,5,3,3,5,5,5,5,5,5,1,1,5,5,1,1,4,4,3,3,4,4,3,3,2,2,4,4,4,4,5,5,4,4,5,5,5,5,3,3,1,1,5,5,2,2,4,4,4,4,5,5,5,5,5,5,3,3,5,5,1,1,5,5,1,1,4,4,4,4,5,5,1,1,3,3,164264
1,1.67051E+12,8/12/2022 15:10,1.67051E+12,0,8/12/2022 15:10,13764,4,questionnaire-7tij,,25789490,BLIND,7631651,,complete,,,computer,Desktop or Laptop,Mac OS 10.15.6,Safari 15.6.1,1024x1366,1366x917,,,,The Big Five Inventory (BFI) ,2,No,2,2,4,4,3,3,4,4,2,2,5,5,4,4,3,3,2,2,4,4,2,2,2,2,5,5,5,5,4,4,1,1,2,2,3,3,4,4,3,3,3,3,3,3,3,3,2,2,2,2,3,3,3,3,3,3,4,4,2,2,4,4,4,4,3,3,3,3,4,4,2,2,2,2,4,4,4,4,4,4,3,3,3,3,2,2,2,2,179465
1,1.67051E+12,8/12/2022 15:10,1.67051E+12,0,8/12/2022 15:10,13764,4,questionnaire-7tij,,25789486,BLIND,7631650,,complete,,,computer,Desktop or Laptop,Mac OS 10.15.7,Safari 15.6.1,1366x768,700x581,,,,The Big Five Inventory (BFI) ,2,No,3,3,3,3,5,5,2,2,3,3,3,3,3,3,4,4,4,4,4,4,2,2,3,3,5,5,3,3,3,3,3,3,4,4,2,2,2,2,2,2,4,4,2,2,3,3,5,5,4,4,4,4,4,4,5,5,3,3,3,3,4,4,3,3,4,4,3,3,4,4,1,1,4,4,4,4,4,4,2,2,4,4,3,3,2,2,3,3,239896
1,1.67051E+12,8/12/2022 15:10,1.67051E+12,0,8/12/2022 15:10,13764,4,questionnaire-7tij,,25789477,BLIND,7631647,,complete,,,computer,Desktop or Laptop,Mac OS 10.15.6,Safari 15.6.1,834x1194,1194x727,,,,The Big Five Inventory (BFI) ,2,No,5,5,2,2,4,4,2,2,4,4,4,4,4,4,3,3,4,4,4,4,4,4,2,2,4,4,3,3,4,4,4,4,4,4,2,2,2,2,4,4,3,3,4,4,2,2,4,4,4,4,4,4,2,2,4,4,3,3,4,4,4,4,4,4,4,4,4,4,3,3,4,4,2,2,4,4,3,3,4,4,3,3,4,4,2,2,4,4,404474
1,1.67051E+12,8/12/2022 15:10,1.67051E+12,0,8/12/2022 15:10,13764,4,questionnaire-7tij,,25789471,BLIND,7631646,,complete,,,computer,Desktop or Laptop,Windows 10,Chrome 108.0.0.0,1280x720,1280x569,,,,The Big Five Inventory (BFI) ,2,No,4,4,3,3,4,4,2,2,2,2,4,4,4,4,2,2,4,4,3,3,4,4,1,1,4,4,3,3,4,4,3,3,4,4,2,2,4,4,3,3,2,2,4,4,3,3,2,2,2,2,2,2,2,2,4,4,4,4,4,4,2,2,4,4,3,3,2,2,3,3,3,3,2,2,2,2,4,4,2,2,4,4,4,4,4,4,3,3,184781
1,1.67051E+12,8/12/2022 15:10,1.67051E+12,0,8/12/2022 15:10,13764,4,questionnaire-7tij,,25789469,BLIND,7631645,,complete,,,computer,Desktop or Laptop,Mac OS 10.15.7,Chrome 108.0.0.0,1440x900,1440x789,,,,The Big Five Inventory (BFI) ,2,No,4,4,3,3,4,4,5,5,3,3,2,2,4,4,4,4,1,1,4,4,2,2,1,1,2,2,4,4,4,4,2,2,4,4,5,5,5,5,5,5,2,2,4,4,4,4,2,2,2,2,4,4,3,3,1,1,3,3,5,5,2,2,3,3,3,3,1,1,4,4,2,2,3,3,2,2,5,5,5,5,4,4,2,2,4,4,4,4,309590
1,1.67051E+12,8/12/2022 15:10,1.67051E+12,0,8/12/2022 15:09,13764,4,questionnaire-7tij,,25789468,BLIND,7631644,,complete,,,computer,Desktop or Laptop,Windows 10,Edge 107.0.1418.62,1280x720,1644x802,,,,The Big Five Inventory (BFI) ,2,No,5,5,2,2,4,4,2,2,3,3,1,1,4,4,3,3,3,3,3,3,4,4,3,3,4,4,4,4,5,5,3,3,5,5,2,2,3,3,3,3,1,1,5,5,3,3,2,2,2,2,4,4,4,4,5,5,5,5,5,5,3,3,4,4,3,3,4,4,2,2,5,5,4,4,2,2,2,2,4,4,3,3,4,4,2,2,3,3,414264
1,1.67051E+12,8/12/2022 15:10,1.67051E+12,0,8/12/2022 15:10,13764,4,questionnaire-7tij,,25789467,BLIND,7631643,,complete,,,computer,Desktop or Laptop,Windows 10,Edge 107.0.1418.52,1280x720,1233x609,,,,The Big Five Inventory (BFI) ,2,No,4,4,2,2,5,5,4,4,2,2,3,3,4,4,2,2,2,2,3,3,3,3,2,2,4,4,4,4,3,3,3,3,4,4,2,2,5,5,3,3,3,3,4,4,2,2,2,2,2,2,4,4,3,3,4,4,3,3,2,2,3,3,4,4,4,4,2,2,4,4,3,3,2,2,4,4,5,5,3,3,4,4,4,4,3,3,3,3,305626
1,1.67051E+12,8/12/2022 15:10,1.67051E+12,0,8/12/2022 15:09,13764,4,questionnaire-7tij,,25789466,BLIND,7631642,,complete,,,computer,Desktop or Laptop,Mac OS 10.15.7,Chrome 107.0.0.0,1440x900,1074x683,,,,The Big Five Inventory (BFI) ,2,No,3,3,1,1,4,4,1,1,3,3,4,4,4,4,1,1,3,3,2,2,3,3,1,1,4,4,2,2,4,4,4,4,5,5,1,1,3,3,3,3,4,4,5,5,3,3,2,2,2,2,3,3,2,2,4,4,4,4,3,3,4,4,5,5,4,4,4,4,4,4,2,2,2,2,4,4,4,4,3,3,4,4,4,4,3,3,2,2,407578
1,1.67051E+12,8/12/2022 15:09,1.67051E+12,0,8/12/2022 15:09,13764,4,questionnaire-7tij,,25789463,BLIND,7631640,,complete,,,computer,Desktop or Laptop,Mac OS 10.15.7,Safari 15.6,1710x1112,1710x990,,,,The Big Five Inventory (BFI) ,2,No,4,4,2,2,4,4,3,3,3,3,3,3,4,4,3,3,3,3,4,4,5,5,2,2,4,4,4,4,3,3,4,4,2,2,2,2,4,4,4,4,2,2,5,5,3,3,2,2,3,3,4,4,2,2,4,4,4,4,3,3,2,2,5,5,3,3,2,2,4,4,4,4,3,3,4,4,4,4,4,4,2,2,4,4,4,4,2,2,159974
1,1.67051E+12,8/12/2022 15:09,1.67051E+12,0,8/12/2022 15:09,13764,4,questionnaire-7tij,,25789461,BLIND,7631639,,complete,,,computer,Desktop or Laptop,Windows 10,Chrome 108.0.0.0,1440x900,1440x724,,,,The Big Five Inventory (BFI) ,2,No,4,4,3,3,4,4,5,5,3,3,2,2,4,4,2,2,3,3,4,4,3,3,2,2,4,4,5,5,3,3,3,3,4,4,1,1,4,4,4,4,2,2,3,3,2,2,2,2,4,4,3,3,3,3,4,4,4,4,4,4,2,2,4,4,4,4,3,3,4,4,4,4,2,2,3,3,4,4,3,3,2,2,4,4,4,4,4,4,272019
1,1.67051E+12,8/12/2022 15:09,1.67051E+12,0,8/12/2022 15:09,13764,4,questionnaire-7tij,,25789446,BLIND,7631637,,complete,,,computer,Desktop or Laptop,Mac OS 10.15.7,Chrome 107.0.0.0,1680x1050,1680x839,,,,The Big Five Inventory (BFI) ,2,No,3,3,3,3,4,4,4,4,4,4,2,2,5,5,2,2,2,2,4,4,3,3,4,4,5,5,5,5,4,4,3,3,4,4,3,3,4,4,3,3,2,2,2,2,4,4,2,2,3,3,4,4,3,3,5,5,4,4,4,4,3,3,3,3,3,3,4,4,2,2,3,3,2,2,3,3,3,3,5,5,2,2,4,4,2,2,4,4,337508
1,1.67051E+12,8/12/2022 15:09,1.67051E+12,0,8/12/2022 15:09,13764,4,questionnaire-7tij,,25789435,BLIND,7631628,,complete,,,computer,Desktop or Laptop,Mac OS 10.15.7,Chrome 108.0.0.0,1440x900,1440x705,,,,The Big Five Inventory (BFI) ,2,No,3,3,2,2,4,4,1,1,5,5,3,3,3,3,3,3,4,4,5,5,3,3,4,4,5,5,3,3,5,5,5,5,4,4,3,3,2,2,5,5,5,5,1,1,3,3,5,5,5,5,5,5,4,4,4,4,4,4,5,5,3,3,3,3,4,4,5,5,4,4,4,4,4,4,5,5,4,4,5,5,1,1,2,2,4,4,5,5,586210
1,1.67051E+12,8/12/2022 15:08,1.67051E+12,0,8/12/2022 15:08,13764,4,questionnaire-7tij,,25789420,BLIND,7631621,,complete,,,computer,Desktop or Laptop,Mac OS 10.15.7,Safari 15.6,1440x900,1440x820,,,,The Big Five Inventory (BFI) ,2,No,5,5,1,1,3,3,1,1,4,4,1,1,4,4,3,3,4,4,5,5,5,5,5,5,4,4,4,4,2,2,5,5,5,5,2,2,2,2,4,4,1,1,3,3,1,1,4,4,4,4,4,4,2,2,4,4,1,1,5,5,2,2,4,4,4,4,4,4,5,5,5,5,2,2,5,5,3,3,4,4,1,1,5,5,2,2,5,5,293238
1,1.67051E+12,8/12/2022 15:08,1.67051E+12,0,8/12/2022 15:08,13764,4,questionnaire-7tij,,25789412,BLIND,7631617,,complete,,,computer,Desktop or Laptop,Mac OS 10.15.7,Chrome 106.0.0.0,1440x900,652x655,,,,The Big Five Inventory (BFI) ,2,No,2,2,5,5,4,4,2,2,4,4,3,3,2,2,1,1,4,4,5,5,2,2,4,4,4,4,1,1,4,4,5,5,3,3,1,1,2,2,4,4,3,3,4,4,2,2,4,4,4,4,5,5,4,4,2,2,1,1,5,5,2,2,2,2,4,4,4,4,3,3,3,3,5,5,4,4,1,1,4,4,1,1,2,2,3,3,5,5,343998
1,1.6705E+12,8/12/2022 11:14,1.6705E+12,0,8/12/2022 11:14,13764,4,questionnaire-7tij,,25779600,BLIND,7629853,,live,,,computer,Desktop or Laptop,Windows 10,Chrome 108.0.0.0,1280x720,1280x609,,,,The Big Five Inventory (BFI) ,2,No,,,,,,,,,,,,,,,,,,,,,,,,,,,,,,,,,,,,,,,,,,,,,,,,,,,,,,,,,,,,,,,,,,,,,,,,,,,,,,,,,,,,,,,,,
1,1.6472E+12,13/03/2022 19:22:51,1.6472E+12,0,13/03/2022 19:22:52,13764,4,questionnaire-7tij,,20347563,BLIND,6035191,,rejected - manual,,,computer,Desktop or Laptop,Windows 10,Chrome 99.0.4844.51,1280x720,1280x569,,,,The Big Five Inventory (BFI) ,2,No,,,,,,,,,,,,,,,,,,,,,,,,,,,,,,,,,,,,,,,,,,,,,,,,,,,,,,,,,,,,,,,,,,,,,,,,,,,,,,,,,,,,,,,,,
1,1.64693E+12,10/3/2022 15:41,1.64693E+12,0,10/3/2022 15:41,13764,4,questionnaire-7tij,,20275158,BLIND,6014064,,complete,,,computer,Desktop or Laptop,Mac OS 10.15.7,Safari 15.3,1280x800,1277x681,,,,The Big Five Inventory (BFI) ,2,No,3,3,2,2,4,4,4,4,2,2,4,4,4,4,3,3,3,3,3,3,2,2,2,2,4,4,4,4,4,4,4,4,4,4,3,3,5,5,5,5,4,4,3,3,4,4,2,2,2,2,2,2,4,4,3,3,4,4,5,5,4,4,4,4,4,4,4,4,2,2,2,2,2,2,2,2,5,5,3,3,1,1,5,5,4,4,5,5,321400
1,1.64693E+12,10/3/2022 15:40,1.64693E+12,0,10/3/2022 15:40,13764,4,questionnaire-7tij,,20275141,BLIND,6014056,,complete,,,computer,Desktop or Laptop,Mac OS 10.16.0,Chrome 80.0.3987.132,1440x900,1440x789,,,,The Big Five Inventory (BFI) ,2,No,4,4,3,3,3,3,3,3,3,3,2,2,4,4,4,4,2,2,3,3,3,3,1,1,3,3,3,3,3,3,4,4,2,2,2,2,4,4,4,4,3,3,3,3,3,3,2,2,2,2,3,3,3,3,3,3,4,4,2,2,2,2,4,4,3,3,3,3,3,3,4,4,3,3,3,3,4,4,4,4,4,4,3,3,3,3,3,3,232801
1,1.64693E+12,10/3/2022 15:40,1.64693E+12,0,10/3/2022 15:40,13764,4,questionnaire-7tij,,20275123,BLIND,6014049,,complete,,,computer,Desktop or Laptop,Mac OS 10.13.6,Safari 11.1.2,1680x1050,848x891,,,,The Big Five Inventory (BFI) ,2,No,4,4,2,2,3,3,2,2,3,3,3,3,3,3,4,4,4,4,3,3,5,5,2,2,2,2,3,3,2,2,4,4,4,4,4,4,2,2,4,4,2,2,4,4,4,4,4,4,3,3,2,2,3,3,3,3,3,3,3,3,4,4,5,5,3,3,2,2,4,4,4,4,2,2,2,2,3,3,2,2,4,4,4,4,5,5,2,2,345934
1,1.64693E+12,10/3/2022 15:40,1.64693E+12,0,10/3/2022 15:40,13764,4,questionnaire-7tij,,20275109,BLIND,6014046,,complete,,,computer,Desktop or Laptop,Mac OS 10.15.7,Chrome 98.0.4758.109,1440x900,1440x788,,,,The Big Five Inventory (BFI) ,2,No,4,4,5,5,5,5,1,1,5,5,3,3,5,5,1,1,5,5,5,5,5,5,1,1,5,5,2,2,5,5,5,5,3,3,1,1,2,2,4,4,2,2,4,4,1,1,5,5,5,5,5,5,2,2,5,5,2,2,4,4,2,2,5,5,5,5,5,5,4,4,4,4,2,2,5,5,1,1,5,5,2,2,1,1,2,2,5,5,108782
1,1.64693E+12,10/3/2022 15:40,1.64693E+12,0,10/3/2022 15:40,13764,4,questionnaire-7tij,,20275108,BLIND,6014045,,complete,,,computer,Desktop or Laptop,Mac OS 10.15.7,Safari 14.0,1440x900,1440x837,,,,The Big Five Inventory (BFI) ,2,No,3,3,4,4,4,4,2,2,3,3,4,4,2,2,3,3,2,2,4,4,4,4,3,3,2,2,4,4,5,5,4,4,4,4,3,3,4,4,4,4,4,4,4,4,3,3,4,4,3,3,4,4,3,3,4,4,4,4,5,5,5,5,3,3,4,4,4,4,4,4,3,3,4,4,4,4,5,5,4,4,4,4,4,4,3,3,4,4,355831
1,1.64693E+12,10/3/2022 15:40,1.64693E+12,0,10/3/2022 15:40,13764,4,questionnaire-7tij,,20275099,BLIND,6014040,,complete,,,computer,Desktop or Laptop,Windows 10,Chrome 99.0.4844.51,1366x768,1366x657,,,,The Big Five Inventory (BFI) ,2,No,5,5,2,2,4,4,1,1,4,4,2,2,4,4,2,2,2,2,5,5,5,5,2,2,4,4,3,3,5,5,5,5,4,4,2,2,4,4,5,5,3,3,4,4,3,3,2,2,4,4,4,4,2,2,5,5,3,3,5,5,2,2,5,5,4,4,4,4,3,3,5,5,1,1,3,3,2,2,5,5,2,2,4,4,4,4,5,5,293152
1,1.64693E+12,10/3/2022 15:39,1.64693E+12,0,10/3/2022 15:39,13764,4,questionnaire-7tij,,20275092,BLIND,6014037,,complete,,,computer,Desktop or Laptop,Mac OS 10.15.7,Safari 15.3,1440x900,1251x692,,,,The Big Five Inventory (BFI) ,2,No,1,1,3,3,2,2,5,5,2,2,5,5,2,2,4,4,1,1,4,4,1,1,2,2,2,2,5,5,2,2,2,2,3,3,4,4,5,5,4,4,5,5,4,4,5,5,1,1,2,2,2,2,4,4,3,3,4,4,5,5,5,5,3,3,1,1,2,2,2,2,2,2,4,4,3,3,5,5,2,2,2,2,3,3,5,5,4,4,112452
1,1.64693E+12,10/3/2022 15:39,1.64693E+12,0,10/3/2022 15:39,13764,4,questionnaire-7tij,,20275057,BLIND,6014026,,complete,,,computer,Desktop or Laptop,Mac OS 10.15.7,Chrome 98.0.4758.102,1440x900,1119x704,,,,The Big Five Inventory (BFI) ,2,No,2,2,3,3,4,4,3,3,4,4,5,5,4,4,3,3,2,2,3,3,2,2,4,4,4,4,5,5,4,4,3,3,2,2,3,3,5,5,3,3,4,4,4,4,2,2,2,2,2,2,2,2,4,4,5,5,5,5,5,5,5,5,4,4,4,4,2,2,4,4,2,2,2,2,3,3,4,4,4,4,2,2,3,3,4,4,3,3,176114
1,1.64693E+12,10/3/2022 15:38,1.64693E+12,0,10/3/2022 15:38,13764,4,questionnaire-7tij,,20275030,BLIND,6014015,,complete,,,computer,Desktop or Laptop,Mac OS 10.15.6,Safari 14.0.3,1440x900,1415x726,,,,The Big Five Inventory (BFI) ,2,No,4,4,1,1,2,2,4,4,2,2,4,4,4,4,5,5,1,1,5,5,1,1,1,1,2,2,4,4,3,3,2,2,5,5,2,2,5,5,3,3,3,3,3,3,5,5,2,2,2,2,2,2,2,2,2,2,4,4,2,2,4,4,4,4,3,3,3,3,5,5,2,2,3,3,4,4,5,5,3,3,1,1,3,3,5,5,1,1,163521
1,1.64693E+12,10/3/2022 15:38,1.64693E+12,0,10/3/2022 15:38,13764,4,questionnaire-7tij,,20275029,BLIND,6014014,,complete,,,computer,Desktop or Laptop,Mac OS 10.15.7,Chrome 99.0.4844.51,1440x900,1440x789,,,,The Big Five Inventory (BFI) ,2,No,4,4,3,3,3,3,3,3,3,3,2,2,3,3,4,4,3,3,3,3,3,3,2,2,3,3,4,4,2,2,4,4,3,3,2,2,4,4,3,3,3,3,4,4,4,4,2,2,2,2,4,4,2,2,4,4,4,4,4,4,4,4,4,4,4,4,3,3,2,2,4,4,2,2,4,4,4,4,4,4,2,2,4,4,4,4,4,4,205959
1,1.64693E+12,10/3/2022 15:38,1.64693E+12,0,10/3/2022 15:38,13764,4,questionnaire-7tij,,20274999,BLIND,6014009,,complete,,,computer,Desktop or Laptop,Windows 10,Chrome 99.0.4844.51,1280x720,1280x569,,,,The Big Five Inventory (BFI) ,2,No,1,1,5,5,5,5,5,5,5,5,5,5,4,4,1,1,1,1,5,5,3,3,1,1,5,5,5,5,5,5,3,3,4,4,1,1,5,5,5,5,5,5,2,2,1,1,1,1,5,5,1,1,2,2,5,5,5,5,5,5,5,5,5,5,4,4,1,1,1,1,2,2,1,1,4,4,5,5,5,5,1,1,3,3,2,2,5,5,154829
1,1.64693E+12,10/3/2022 15:35,1.64693E+12,0,10/3/2022 15:35,13764,4,questionnaire-7tij,,20274887,BLIND,6013977,,complete,,,computer,Desktop or Laptop,Windows 10,Edge 99.0.1150.36,1368x912,1368x769,,,,The Big Five Inventory (BFI) ,2,No,4,4,4,4,5,5,5,5,3,3,2,2,1,1,3,3,1,1,4,4,3,3,2,2,4,4,5,5,3,3,4,4,4,4,2,2,5,5,4,4,2,2,4,4,2,2,1,1,3,3,4,4,2,2,4,4,4,4,5,5,2,2,4,4,4,4,3,3,3,3,3,3,3,3,4,4,4,4,5,5,1,1,4,4,2,2,5,5,355620
1,1.64693E+12,10/3/2022 15:32,1.64693E+12,0,10/3/2022 15:32,13764,4,questionnaire-7tij,,20274799,BLIND,6013945,,complete,,,computer,Desktop or Laptop,Mac OS 10.15.7,Safari 15.3,1440x900,1440x820,,,,The Big Five Inventory (BFI) ,2,No,4,4,4,4,2,2,4,4,2,2,2,2,3,3,2,2,1,1,4,4,1,1,3,3,4,4,5,5,4,4,2,2,1,1,2,2,5,5,5,5,5,5,1,1,2,2,1,1,4,4,1,1,4,4,4,4,5,5,5,5,3,3,2,2,2,2,2,2,5,5,1,1,2,2,4,4,5,5,1,1,2,2,1,1,5,5,4,4,503238
1,1.63906E+12,9/12/2021 15:37,1.63906E+12,0,9/12/2021 15:37,13764,4,questionnaire-7tij,,17888188,BLIND,5277397,,complete,,,computer,Desktop or Laptop,Windows 10,Chrome 96.0.4664.45,1536x1024,1536x881,,,,The Big Five Inventory (BFI) ,2,No,4,4,2,2,4,4,5,5,2,2,5,5,4,4,2,2,2,2,2,2,2,2,2,2,3,3,4,4,4,4,2,2,4,4,2,2,4,4,2,2,4,4,5,5,3,3,4,4,2,2,2,2,2,2,3,3,2,2,2,2,2,2,2,2,3,3,2,2,4,4,2,2,2,2,2,2,3,3,3,3,2,2,3,3,2,2,2,2,156937
1,1.63906E+12,9/12/2021 15:33,1.63906E+12,0,9/12/2021 15:33,13764,4,questionnaire-7tij,,17888085,BLIND,5277356,,complete,,,computer,Desktop or Laptop,Mac OS 10.15.6,Safari 14.0.3,1440x900,1440x723,,,,The Big Five Inventory (BFI) ,2,No,4,4,3,3,3,3,5,5,3,3,3,3,4,4,5,5,1,1,4,4,2,2,2,2,4,4,4,4,4,4,4,4,5,5,2,2,5,5,3,3,2,2,4,4,3,3,2,2,3,3,4,4,1,1,3,3,3,3,2,2,4,4,5,5,3,3,2,2,4,4,3,3,1,1,3,3,5,5,5,5,4,4,4,4,4,4,2,2,378685
1,1.63906E+12,9/12/2021 15:33,1.63906E+12,0,9/12/2021 15:33,13764,4,questionnaire-7tij,,17888083,BLIND,5277355,,complete,,,computer,Desktop or Laptop,Windows 10,Edge 96.0.1054.43,1366x768,1366x657,,,,The Big Five Inventory (BFI) ,2,No,5,5,3,3,5,5,2,2,5,5,2,2,4,4,4,4,2,2,5,5,4,4,3,3,5,5,4,4,5,5,5,5,3,3,2,2,3,3,5,5,2,2,3,3,2,2,2,2,4,4,4,4,2,2,5,5,4,4,5,5,2,2,4,4,4,4,3,3,3,3,5,5,2,2,3,3,3,3,5,5,3,3,4,4,3,3,5,5,231498
1,1.63906E+12,9/12/2021 15:33,1.63906E+12,0,9/12/2021 15:33,13764,4,questionnaire-7tij,,17888070,BLIND,5277349,,complete,,,computer,Desktop or Laptop,Mac OS 10.15.7,Safari 15.0,1440x900,1440x787,,,,The Big Five Inventory (BFI) ,2,No,2,2,4,4,2,2,5,5,2,2,5,5,2,2,4,4,1,1,4,4,2,2,2,2,2,2,4,4,2,2,2,2,2,2,4,4,5,5,3,3,5,5,3,3,4,4,1,1,2,2,2,2,4,4,2,2,4,4,5,5,5,5,3,3,1,1,1,1,3,3,2,2,4,4,4,4,5,5,4,4,1,1,3,3,5,5,4,4,92575
1,1.63906E+12,9/12/2021 15:33,1.63906E+12,0,9/12/2021 15:33,13764,4,questionnaire-7tij,,17888064,BLIND,5277347,,complete,,,computer,Desktop or Laptop,Mac OS 10.15.7,Chrome 96.0.4664.55,1440x900,792x704,,,,The Big Five Inventory (BFI) ,2,No,3,3,2,2,5,5,3,3,3,3,3,3,4,4,2,2,2,2,4,4,3,3,2,2,4,4,4,4,4,4,2,2,2,2,2,2,4,4,4,4,4,4,4,4,3,3,2,2,3,3,4,4,4,4,4,4,4,4,5,5,4,4,5,5,3,3,2,2,4,4,3,3,1,1,4,4,3,3,4,4,1,1,4,4,4,4,5,5,144485
1,1.63906E+12,9/12/2021 15:33,1.63906E+12,0,9/12/2021 15:33,13764,4,questionnaire-7tij,,17888063,BLIND,5277345,,complete,,,computer,Desktop or Laptop,Windows 10,Edge 96.0.1054.41,1368x912,799x759,,,,The Big Five Inventory (BFI) ,2,No,5,5,3,3,4,4,5,5,3,3,2,2,4,4,2,2,2,2,5,5,3,3,2,2,4,4,4,4,3,3,4,4,4,4,2,2,5,5,4,4,2,2,4,4,2,2,1,1,2,2,4,4,2,2,4,4,5,5,5,5,2,2,3,3,4,4,2,2,3,3,4,4,3,3,5,5,4,4,4,4,1,1,4,4,1,1,5,5,107360
1,1.63906E+12,9/12/2021 15:32,1.63906E+12,0,9/12/2021 15:33,13764,4,questionnaire-7tij,,17888053,BLIND,5277343,,complete,,,computer,Desktop or Laptop,Windows 10,Chrome 96.0.4664.93,1920x1080,1920x969,,,,The Big Five Inventory (BFI) ,2,No,3,3,2,2,5,5,3,3,4,4,4,4,4,4,2,2,2,2,4,4,3,3,1,1,4,4,4,4,4,4,3,3,5,5,1,1,5,5,5,5,4,4,4,4,4,4,2,2,4,4,2,2,2,2,4,4,2,2,5,5,4,4,4,4,4,4,4,4,5,5,2,2,1,1,4,4,3,3,4,4,1,1,3,3,3,3,4,4,132289
1,1.63906E+12,9/12/2021 15:32,1.63906E+12,0,9/12/2021 15:32,13764,4,questionnaire-7tij,,17888051,BLIND,5277341,,complete,,,computer,Desktop or Laptop,Windows 10,Chrome 96.0.4664.93,1280x720,1280x577,,,,The Big Five Inventory (BFI) ,2,No,1,1,4,4,5,5,5,5,4,4,5,5,5,5,1,1,1,1,5,5,3,3,1,1,5,5,4,4,5,5,3,3,4,4,1,1,5,5,5,5,5,5,2,2,2,2,1,1,4,4,1,1,3,3,4,4,4,4,5,5,5,5,5,5,5,5,1,1,4,4,1,1,1,1,4,4,5,5,5,5,1,1,4,4,1,1,5,5,96741
1,1.63906E+12,9/12/2021 15:32,1.63906E+12,0,9/12/2021 15:32,13764,4,questionnaire-7tij,,17888048,BLIND,5277338,,complete,,,computer,Desktop or Laptop,Mac OS 10.15.7,Chrome 96.0.4664.55,1440x900,1440x719,,,,The Big Five Inventory (BFI) ,2,No,4,4,5,5,5,5,5,5,5,5,5,5,5,5,1,1,1,1,3,3,5,5,1,1,5,5,5,5,5,5,3,3,2,2,1,1,5,5,4,4,2,2,5,5,3,3,1,1,4,4,3,3,5,5,5,5,5,5,5,5,4,4,5,5,5,5,2,2,5,5,2,2,5,5,3,3,5,5,5,5,1,1,3,3,3,3,5,5,256445
1,1.63906E+12,9/12/2021 15:32,1.63906E+12,0,9/12/2021 15:32,13764,4,questionnaire-7tij,,17888047,BLIND,5277337,,complete,,,computer,Desktop or Laptop,Mac OS 10.15.7,Safari 15.1,1440x900,1440x812,,,,The Big Five Inventory (BFI) ,2,No,3,3,4,4,4,4,3,3,4,4,3,3,3,3,3,3,3,3,3,3,3,3,3,3,3,3,3,3,3,3,3,3,3,3,3,3,3,3,3,3,3,3,3,3,3,3,3,3,3,3,3,3,3,3,3,3,3,3,3,3,3,3,3,3,3,3,3,3,3,3,3,3,3,3,3,3,3,3,3,3,3,3,3,3,3,3,3,3,203651
1,1.63906E+12,9/12/2021 15:32,1.63906E+12,0,9/12/2021 15:32,13764,4,questionnaire-7tij,,17888046,BLIND,5277335,,complete,,,computer,Desktop or Laptop,Windows 10,Chrome 96.0.4664.93,1280x720,1280x609,,,,The Big Five Inventory (BFI) ,2,No,4,4,5,5,5,5,5,5,4,4,5,5,4,4,2,2,1,1,5,5,4,4,3,3,4,4,5,5,5,5,4,4,2,2,1,1,5,5,5,5,4,4,5,5,3,3,1,1,5,5,2,2,2,2,2,2,3,3,5,5,5,5,3,3,5,5,4,4,5,5,2,2,2,2,5,5,5,5,5,5,5,5,5,5,5,5,4,4,274520
1,1.63906E+12,9/12/2021 15:32,1.63906E+12,0,9/12/2021 15:32,13764,4,questionnaire-7tij,,17888045,BLIND,5277334,,complete,,,computer,Desktop or Laptop,Mac OS 10.15.7,Safari 14.1,1440x900,1221x719,,,,The Big Five Inventory (BFI) ,2,No,3,3,4,4,4,4,3,3,3,3,3,3,3,3,3,3,2,2,3,3,3,3,2,2,3,3,4,4,4,4,3,3,2,2,2,2,4,4,4,4,4,4,3,3,4,4,2,2,3,3,2,2,3,3,3,3,4,4,4,4,4,4,3,3,3,3,2,2,4,4,3,3,3,3,3,3,4,4,3,3,1,1,3,3,4,4,4,4,103976
1,1.63906E+12,9/12/2021 15:32,1.63906E+12,0,9/12/2021 15:32,13764,4,questionnaire-7tij,,17888044,BLIND,5277333,,complete,,,computer,Desktop or Laptop,Mac OS 10.15.7,Safari 14.1,1440x900,1440x820,,,,The Big Five Inventory (BFI) ,2,No,1,1,2,2,2,2,5,5,4,4,5,5,4,4,3,3,2,2,4,4,2,2,2,2,3,3,3,3,2,2,2,2,5,5,2,2,2,2,5,5,5,5,4,4,3,3,2,2,2,2,3,3,2,2,3,3,4,4,4,4,2,2,4,4,2,2,1,1,4,4,2,2,1,1,2,2,4,4,5,5,3,3,3,3,3,3,2,2,385749
1,1.63906E+12,9/12/2021 15:32,1.63906E+12,0,9/12/2021 15:32,13764,4,questionnaire-7tij,,17888035,BLIND,5277330,,complete,,,computer,Desktop or Laptop,Mac OS 10.15.3,Chrome 96.0.4664.55,1440x900,1440x789,,,,The Big Five Inventory (BFI) ,2,No,4,4,3,3,3,3,1,1,2,2,1,1,5,5,4,4,2,2,4,4,4,4,1,1,4,4,4,4,3,3,4,4,2,2,2,2,5,5,5,5,1,1,5,5,4,4,2,2,3,3,4,4,3,3,2,2,4,4,4,4,1,1,4,4,4,4,2,2,4,4,5,5,1,1,5,5,2,2,3,3,2,2,4,4,5,5,4,4,340204
1,1.63906E+12,9/12/2021 15:32,1.63906E+12,0,9/12/2021 15:32,13764,4,questionnaire-7tij,,17888034,BLIND,5277329,,complete,,,computer,Desktop or Laptop,Windows 10,Chrome 96.0.4664.45,1280x720,1280x520,,,,The Big Five Inventory (BFI) ,2,No,3,3,2,2,5,5,4,4,3,3,5,5,4,4,3,3,2,2,4,4,3,3,1,1,4,4,2,2,4,4,5,5,5,5,4,4,5,5,4,4,3,3,5,5,2,2,2,2,4,4,4,4,3,3,4,4,3,3,5,5,4,4,5,5,4,4,3,3,4,4,3,3,1,1,3,3,5,5,5,5,3,3,4,4,5,5,4,4,317251
1,1.63906E+12,9/12/2021 15:32,1.63906E+12,0,9/12/2021 15:32,13764,4,questionnaire-7tij,,17888033,BLIND,5277328,,complete,,,computer,Desktop or Laptop,Mac OS 10.15.7,Chrome 96.0.4664.55,1280x800,1280x689,,,,The Big Five Inventory (BFI) ,2,No,2,2,4,4,4,4,1,1,5,5,5,5,3,3,2,2,4,4,3,3,2,2,1,1,4,4,3,3,5,5,3,3,4,4,4,4,2,2,4,4,5,5,4,4,4,4,5,5,4,4,3,3,4,4,2,2,3,3,3,3,5,5,4,4,5,5,4,4,3,3,3,3,4,4,2,2,5,5,5,5,3,3,4,4,3,3,3,3,153580
1,1.63906E+12,9/12/2021 15:32,1.63906E+12,0,9/12/2021 15:32,13764,4,questionnaire-7tij,,17888032,BLIND,5277327,,complete,,,computer,Desktop or Laptop,Mac OS 10.16.0,Chrome 80.0.3987.132,2560x1440,1274x1329,,,,The Big Five Inventory (BFI) ,2,No,4,4,3,3,4,4,3,3,3,3,2,2,4,4,3,3,2,2,4,4,4,4,1,1,4,4,3,3,4,4,4,4,4,4,2,2,5,5,4,4,2,2,4,4,4,4,3,3,3,3,3,3,1,1,4,4,4,4,3,3,2,2,4,4,4,4,2,2,3,3,4,4,2,2,4,4,4,4,3,3,2,2,4,4,3,3,4,4,137644
1,1.63906E+12,9/12/2021 15:32,1.63906E+12,8,9/12/2021 23:32,13764,4,questionnaire-7tij,,17888030,BLIND,5277326,,complete,,,computer,Desktop or Laptop,Mac OS 10.15.7,Chrome 95.0.4638.69,1440x900,1353x730,,,,The Big Five Inventory (BFI) ,2,No,4,4,4,4,5,5,3,3,3,3,2,2,5,5,2,2,1,1,5,5,3,3,1,1,4,4,4,4,5,5,3,3,5,5,3,3,5,5,4,4,2,2,4,4,5,5,2,2,2,2,3,3,2,2,4,4,3,3,5,5,3,3,5,5,3,3,2,2,3,3,4,4,2,2,3,3,4,4,5,5,2,2,3,3,3,3,5,5,117483
1,1.63906E+12,9/12/2021 15:32,1.63906E+12,0,9/12/2021 15:32,13764,4,questionnaire-7tij,,17888028,BLIND,5277324,,complete,,,computer,Desktop or Laptop,Ubuntu undefined,Firefox 94.0,1920x1080,1848x968,,,,The Big Five Inventory (BFI) ,2,No,4,4,4,4,4,4,4,4,5,5,3,3,2,2,5,5,1,1,5,5,4,4,3,3,4,4,4,4,5,5,4,4,2,2,5,5,5,5,5,5,3,3,2,2,2,2,1,1,5,5,4,4,4,4,4,4,5,5,5,5,4,4,3,3,3,3,2,2,4,4,3,3,2,2,3,3,5,5,5,5,1,1,4,4,4,4,4,4,203896
1,1.63906E+12,9/12/2021 15:32,1.63906E+12,0,9/12/2021 15:32,13764,4,questionnaire-7tij,,17888026,BLIND,5277322,,complete,,,computer,Desktop or Laptop,Mac OS 10.15.7,Chrome 96.0.4664.55,1440x900,1440x788,,,,The Big Five Inventory (BFI) ,2,No,4,4,5,5,5,5,1,1,4,4,5,5,4,4,1,1,4,4,5,5,5,5,1,1,5,5,2,2,5,5,4,4,1,1,1,1,2,2,4,4,3,3,3,3,1,1,5,5,5,5,5,5,3,3,5,5,2,2,4,4,2,2,5,5,5,5,5,5,2,2,4,4,3,3,5,5,2,2,4,4,2,2,1,1,3,3,5,5,112950
1,1.63906E+12,9/12/2021 15:32,1.63906E+12,0,9/12/2021 15:32,13764,4,questionnaire-7tij,,17888025,BLIND,5277321,,complete,,,computer,Desktop or Laptop,Mac OS 10.15.7,Safari 13.1.3,1280x800,1142x669,,,,The Big Five Inventory (BFI) ,2,No,3,3,3,3,4,4,4,4,3,3,4,4,5,5,2,2,2,2,4,4,2,2,2,2,4,4,3,3,3,3,4,4,4,4,2,2,4,4,4,4,3,3,4,4,4,4,2,2,2,2,4,4,4,4,2,2,4,4,5,5,4,4,4,4,3,3,3,3,2,2,2,2,1,1,3,3,4,4,2,2,1,1,3,3,4,4,5,5,354524
1,1.67421E+12,20/01/2023 10:48:12,1.67421E+12,0,20/01/2023 10:48:12,13764,4,questionnaire-7tij,,26511406,BLIND,7832570,,live,,,computer,Desktop or Laptop,Mac OS 10.15.7,Safari 15.6,1440x900,1440x820,,,,The Big Five Inventory (BFI) ,2,No,,,,,,,,,,,,,,,,,,,,,,,,,,,,,,,,,,,,,,,,,,,,,,,,,,,,,,,,,,,,,,,,,,,,,,,,,,,,,,,,,,,,,,,,,
1,1.67396E+12,17/01/2023 14:01:04,1.67396E+12,0,17/01/2023 14:01:03,13764,4,questionnaire-7tij,,26436133,BLIND,7802414,,live,,,computer,Desktop or Laptop,Mac OS 10.15.7,Chrome 108.0.0.0,1280x800,843x695,,,,The Big Five Inventory (BFI) ,2,No,,,,,,,,,,,,,,,,,,,,,,,,,,,,,,,,,,,,,,,,,,,,,,,,,,,,,,,,,,,,,,,,,,,,,,,,,,,,,,,,,,,,,,,,,
1,1.6739E+12,16/01/2023 21:22:44,1.6739E+12,0,16/01/2023 21:22:44,13764,4,questionnaire-7tij,,26422379,BLIND,7797896,,complete,,,computer,Desktop or Laptop,Mac OS 10.15.6,Safari 15.6.1,834x1194,1194x727,,,,The Big Five Inventory (BFI) ,2,No,4,4,2,2,4,4,1,1,3,3,2,2,3,3,4,4,3,3,4,4,4,4,1,1,4,4,3,3,4,4,4,4,5,5,4,4,2,2,4,4,2,2,5,5,4,4,3,3,3,3,4,4,2,2,3,3,2,2,4,4,2,2,5,5,4,4,4,4,3,3,5,5,2,2,4,4,1,1,4,4,1,1,4,4,3,3,4,4,112240
1,1.67389E+12,16/01/2023 18:46:12,1.67389E+12,0,16/01/2023 18:46:12,13764,4,questionnaire-7tij,,26420089,BLIND,7797206,,live,,,computer,Desktop or Laptop,Windows 10,Edge 109.0.1518.52,1440x900,1393x781,,,,The Big Five Inventory (BFI) ,2,No,,,,,,,,,,,,,,,,,,,,,,,,,,,,,,,,,,,,,,,,,,,,,,,,,,,,,,,,,,,,,,,,,,,,,,,,,,,,,,,,,,,,,,,,,
1,1.67388E+12,16/01/2023 14:23:38,1.67388E+12,0,16/01/2023 14:23:38,13764,4,questionnaire-7tij,,26412471,BLIND,7794862,,live,,,computer,Desktop or Laptop,Mac OS 10.15.7,Safari 15.6,1440x900,1440x820,,,,The Big Five Inventory (BFI) ,2,No,,,,,,,,,,,,,,,,,,,,,,,,,,,,,,,,,,,,,,,,,,,,,,,,,,,,,,,,,,,,,,,,,,,,,,,,,,,,,,,,,,,,,,,,,
1,1.64675E+12,8/3/2022 13:43,1.64675E+12,1,8/3/2022 14:43,13764,4,questionnaire-7tij,,20189288,BLIND,5989185,,rejected - manual,,,computer,Desktop or Laptop,Mac OS 10.15,Firefox 97.0,1440x900,1440x779,,,,The Big Five Inventory (BFI) ,2,No,,,,,,,,,,,,,,,,,,,,,,,,,,,,,,,,,,,,,,,,,,,,,,,,,,,,,,,,,,,,,,,,,,,,,,,,,,,,,,,,,,,,,,,,,
1,1.67535E+12,2/2/2023 15:35,1.67535E+12,0,2/2/2023 15:34,13764,4,questionnaire-7tij,,26886421,BLIND,7986543,,live,,,computer,Desktop or Laptop,Mac OS 10.15.7,Safari 15.6.1,1512x982,1512x865,,,,The Big Five Inventory (BFI) ,2,No,,,,,,,,,,,,,,,,,,,,,,,,,,,,,,,,,,,,,,,,,,,,,,,,,,,,,,,,,,,,,,,,,,,,,,,,,,,,,,,,,,,,,,,,,
1,1.67501E+12,29/01/2023 17:29:34,1.67501E+12,0,29/01/2023 17:29:33,13764,4,questionnaire-7tij,,26751312,BLIND,7937825,,live,,,computer,Desktop or Laptop,Windows 10,Chrome 109.0.0.0,1280x720,1280x609,,,,The Big Five Inventory (BFI) ,2,No,,,,,,,,,,,,,,,,,,,,,,,,,,,,,,,,,,,,,,,,,,,,,,,,,,,,,,,,,,,,,,,,,,,,,,,,,,,,,,,,,,,,,,,,,
1,1.67448E+12,23/01/2023 12:20:16,1.67448E+12,0,23/01/2023 12:20:16,13764,4,questionnaire-7tij,,26558699,BLIND,7850346,,live,,,computer,Desktop or Laptop,Windows 10,Chrome 109.0.0.0,1536x864,1536x746,,,,The Big Five Inventory (BFI) ,2,No,,,,,,,,,,,,,,,,,,,,,,,,,,,,,,,,,,,,,,,,,,,,,,,,,,,,,,,,,,,,,,,,,,,,,,,,,,,,,,,,,,,,,,,,,
END OF FILE,,,,,,,,,,,,,,,,,,,,,,,,,,,,,,,,,,,,,,,,,,,,,,,,,,,,,,,,,,,,,,,,,,,,,,,,,,,,,,,,,,,,,,,,,,,,,,,,,,,,,,,,,,,,,,,,,,,,,
